Fecha,Marca,Categoria,Ventas_Soles,Costos_Soles,Ganancias_Soles,Tiempo_Entrega_Dias,Reseña_Cliente,Edad_Cliente,Frecuencia_Compra_Mensual
2025-11-21 11:19:35.308801,Blanca Flor,Detergentes,61.07554416215602,25.966077055384048,35.10946710677197,3.9769596229885793,Excelente sabor de las galletas.,27,1
2026-01-25 11:19:35.308801,Don Vittorio,Aceites,165.61996555083397,113.50481185832834,52.11515369250563,9.036515883927965,Excelente sabor de las galletas.,59,8
2026-02-20 11:19:35.308801,Don Vittorio,Detergentes,194.97359524324239,92.83571572787544,102.13787951536695,6.728677974185083,"Muy buen producto, siempre compro de esta marca.",38,8
2026-03-10 11:19:35.308801,Don Vittorio,Galletas,162.4537119459707,112.53133637223668,49.922375573734016,8.123251867863885,Excelente sabor de las galletas.,46,8
2026-01-13 11:19:35.308801,Don Vittorio,Galletas,179.6502634715125,83.67126110845814,95.97900236305435,2.9733448854514233,"Pésima calidad, vino abierto el empaque.",42,1
2026-08-28 11:19:35.308801,Sayón,Detergentes,235.8186397563825,142.83548847057966,92.98315128580285,2.349244562581183,Excelente sabor de las galletas.,47,7
2025-09-09 11:19:35.308801,Casino,Aceites,167.86198303806577,98.97099873259867,68.8909843054671,7.445005581499496,Me encanta Blanca Flor para mis postres.,47,3
2026-05-03 11:19:35.308801,Primor,Chocolates,147.5730592882706,99.71883849165407,47.85422079661653,1.5882250360094343,El detergente no quitó las manchas.,25,2
2026-07-06 11:19:35.308801,Don Vittorio,Detergentes,169.17345928134125,101.97730408498515,67.1961551963561,2.6867701412111695,El detergente no quitó las manchas.,34,3
2026-07-10 11:19:35.308801,Primor,Detergentes,208.5500308126119,139.76501542782216,68.78501538478974,4.227180317650743,"Cumple su función, precio razonable.",62,8
2026-06-23 11:19:35.308801,Bolívar,Galletas,139.24904509738556,68.38592922936091,70.86311586802465,6.936723016865198,Me encanta Blanca Flor para mis postres.,19,2
2026-08-02 11:19:35.308801,Casino,Fideos,157.16982681604222,77.56097511305472,79.6088517029875,3.119993006295395,El detergente no quitó las manchas.,41,5
2026-05-20 11:19:35.308801,Sayón,Harinas,121.17831716365127,56.043493661797456,65.13482350185382,5.436862219942983,El aceite Primor rinde muchísimo.,49,1
2026-04-20 11:19:35.308801,Primor,Fideos,157.86993820348812,66.13298714954728,91.73695105394084,3.5835691797246905,Excelente sabor de las galletas.,47,6
2026-01-04 11:19:35.308801,Bolívar,Chocolates,86.9354684482926,59.2435313949144,27.691937053378197,5.032933659341114,"Pésima calidad, vino abierto el empaque.",54,1
2026-02-02 11:19:35.308801,Casino,Chocolates,152.48521317491566,77.39489889265587,75.09031428225978,5.112085882490346,"Cumple su función, precio razonable.",62,3
2025-09-22 11:19:35.308801,Casino,Aceites,221.44359988131436,102.54506278458507,118.89853709672929,7.01814422058275,"Muy buen producto, siempre compro de esta marca.",60,3
2026-05-24 11:19:35.308801,Bolívar,Chocolates,151.9249217007947,97.6064029545349,54.3185187462598,1.7260584750498142,Me encanta Blanca Flor para mis postres.,42,1
2026-01-07 11:19:35.308801,Bolívar,Harinas,123.74657908064847,76.80473865503177,46.941840425616704,2.1088616360003685,Me encanta Blanca Flor para mis postres.,27,2
2025-09-28 11:19:35.308801,Don Vittorio,Fideos,149.85135410306486,103.5773647156345,46.27398938743036,10.757005991434031,"Pésima calidad, vino abierto el empaque.",38,3
2026-01-08 11:19:35.308801,Sayón,Fideos,108.23132962575863,46.16503760318297,62.06629202257567,2.6940553901091393,El aceite Primor rinde muchísimo.,59,3
2026-01-26 11:19:35.308801,Casino,Chocolates,149.51578338875063,66.01206753017136,83.50371585857927,6.795890469746204,Excelente sabor de las galletas.,40,9
2025-11-30 11:19:35.308801,Primor,Chocolates,192.51921111401205,121.68406054252138,70.83515057149067,5.861033944929234,"Muy buen producto, siempre compro de esta marca.",41,5
2026-08-23 11:19:35.308801,Sayón,Fideos,203.66180754970247,93.6661155519827,109.99569199771977,7.017283120465984,El aceite Primor rinde muchísimo.,46,1
2026-08-24 11:19:35.308801,Primor,Fideos,203.92025657613405,142.5031317705259,61.417124805608154,7.2282048634692835,Excelente sabor de las galletas.,25,8
2025-09-08 11:19:35.308801,Casino,Fideos,130.83446332126283,59.161018686419865,71.67344463484297,11.80620176124918,El detergente no quitó las manchas.,32,3
2025-09-03 11:19:35.308801,Casino,Detergentes,193.62885882086573,130.89857261754014,62.73028620332559,4.3591301827614615,El detergente no quitó las manchas.,19,1
2026-02-12 11:19:35.308801,Blanca Flor,Chocolates,109.4573608458352,47.71540290615992,61.741957939675274,8.865127620278805,Me encanta Blanca Flor para mis postres.,47,6
2026-03-27 11:19:35.308801,Casino,Harinas,177.80313006513757,123.92293133815349,53.88019872698408,3.0995909824541354,El detergente no quitó las manchas.,30,2
2026-04-12 11:19:35.308801,Blanca Flor,Fideos,172.25682613267583,116.21482892519168,56.041997207484144,3.548670344113748,"Pésima calidad, vino abierto el empaque.",28,5
2026-05-09 11:19:35.308801,Primor,Chocolates,183.20374805875423,94.71445206356269,88.48929599519154,8.501289487313953,"Muy buen producto, siempre compro de esta marca.",31,6
2026-04-30 11:19:35.308801,Bolívar,Aceites,129.4172965081761,83.81132663489453,45.605969873281566,4.5907004534128495,"Cumple su función, precio razonable.",57,7
2026-07-16 11:19:35.308801,Sayón,Harinas,108.56230927237509,55.64223237212875,52.920076900246336,8.14891511409632,"Pésima calidad, vino abierto el empaque.",31,6
2026-08-02 11:19:35.308801,Primor,Detergentes,230.19056973963114,95.90437758751595,134.28619215211518,2.777941610051691,El detergente no quitó las manchas.,30,4
2026-07-28 11:19:35.308801,Blanca Flor,Detergentes,218.35862513988292,147.12380240153692,71.234822738346,5.507621901615745,"Cumple su función, precio razonable.",41,3
2026-01-20 11:19:35.308801,Sayón,Harinas,206.18883504427106,134.47926667493266,71.7095683693384,3.058644679028538,El aceite Primor rinde muchísimo.,43,5
2026-08-25 11:19:35.308801,Sayón,Aceites,144.38910032709006,75.98387264425843,68.40522768283164,4.340312017568899,El aceite Primor rinde muchísimo.,47,8
2025-09-24 11:19:35.308801,Casino,Aceites,206.95892284617702,90.23257661395128,116.72634623222574,6.704202560328105,Muy caro para lo que ofrece.,33,5
2026-05-12 11:19:35.308801,Blanca Flor,Galletas,54.98918841040617,23.53885658528202,31.450331825124152,2.3327146460005284,El aceite Primor rinde muchísimo.,59,2
2026-06-06 11:19:35.308801,Blanca Flor,Aceites,53.75933093483903,25.519099271988953,28.240231662850075,6.5452127406769565,"Cumple su función, precio razonable.",28,3
2026-01-25 11:19:35.308801,Primor,Chocolates,35.82684513405306,16.095682345946027,19.73116278810703,1.8168292060050832,"Pésima calidad, vino abierto el empaque.",42,6
2026-05-03 11:19:35.308801,Bolívar,Fideos,123.16187258841808,75.14786437646084,48.01400821195723,3.3203687690872563,El aceite Primor rinde muchísimo.,52,5
2026-04-30 11:19:35.308801,Blanca Flor,Detergentes,73.86849724231256,30.76883115705256,43.09966608526,3.201596762343853,Muy caro para lo que ofrece.,42,9
2025-12-11 11:19:35.308801,Bolívar,Fideos,140.25183659314874,82.17370796985261,58.078128623296124,4.964969022591977,El detergente no quitó las manchas.,24,5
2026-08-21 11:19:35.308801,Bolívar,Detergentes,109.31062978667232,48.26099020556625,61.04963958110607,6.3981888296336615,Me encanta Blanca Flor para mis postres.,32,9
2025-12-01 11:19:35.308801,Sayón,Fideos,219.4257734742856,114.77833138111531,104.64744209317028,2.2645251999008633,Muy caro para lo que ofrece.,39,2
2026-07-17 11:19:35.308801,Primor,Detergentes,111.10332994116418,57.98518116691197,53.118148774252205,1.2873757316800492,Excelente sabor de las galletas.,34,8
2026-06-09 11:19:35.308801,Don Vittorio,Detergentes,232.91473213912275,94.7085259795523,138.20620615957046,5.624113612904946,Me encanta Blanca Flor para mis postres.,48,3
2025-09-07 11:19:35.308801,Blanca Flor,Detergentes,123.60032418913295,62.520846759279706,61.07947742985324,1.410604891878516,Muy caro para lo que ofrece.,57,9
2026-06-19 11:19:35.308801,Sayón,Harinas,63.44681886840125,25.684408285001695,37.76241058339956,2.999805874849194,El detergente no quitó las manchas.,34,1
2026-04-28 11:19:35.308801,Sayón,Galletas,185.97775756538385,110.21211923067881,75.76563833470505,13.489871810807058,El detergente no quitó las manchas.,59,5
2025-11-12 11:19:35.308801,Sayón,Detergentes,131.96824429439928,53.43766250486696,78.53058178953233,4.542130217848838,El detergente no quitó las manchas.,46,6
2026-01-06 11:19:35.308801,Bolívar,Harinas,202.7444026568576,97.57882668345023,105.16557597340737,4.651461395376254,Muy caro para lo que ofrece.,63,7
2025-10-30 11:19:35.308801,Casino,Harinas,56.70704006154591,37.32363056723903,19.383409494306882,6.339209873743704,Me encanta Blanca Flor para mis postres.,31,7
2026-05-24 11:19:35.308801,Sayón,Aceites,114.43297034611282,69.39446580294965,45.03850454316317,2.14074371882746,"Pésima calidad, vino abierto el empaque.",33,5
2025-09-17 11:19:35.308801,Primor,Aceites,243.61639584667648,130.8180681383773,112.79832770829918,4.862022630541306,El detergente no quitó las manchas.,34,7
2026-01-17 11:19:35.308801,Primor,Aceites,82.69906785525647,56.034206606461034,26.66486124879544,3.344030407021967,Excelente sabor de las galletas.,44,3
2026-07-24 11:19:35.308801,Sayón,Galletas,158.44010007446718,100.89694939925229,57.54315067521489,5.268771577550217,Muy caro para lo que ofrece.,22,5
2026-02-18 11:19:35.308801,Bolívar,Detergentes,208.17139517955468,119.0589633230577,89.11243185649698,8.937341530916454,Excelente sabor de las galletas.,37,8
2026-03-28 11:19:35.308801,Blanca Flor,Aceites,120.20297489791317,64.00942951052988,56.19354538738328,4.126944428574473,El detergente no quitó las manchas.,41,1
2025-10-26 11:19:35.308801,Primor,Harinas,215.33087297637894,112.2181797867059,103.11269318967304,9.628416713105258,El detergente no quitó las manchas.,36,4
2025-11-27 11:19:35.308801,Bolívar,Galletas,196.89634690264472,120.37795028822478,76.51839661441994,7.846450107219705,Muy caro para lo que ofrece.,26,9
2026-08-23 11:19:35.308801,Bolívar,Aceites,74.04022499971737,45.22492433971914,28.81530065999823,3.7526086860037653,"Pésima calidad, vino abierto el empaque.",38,1
2026-03-26 11:19:35.308801,Casino,Harinas,220.2562066115742,131.47424954121286,88.78195707036136,2.1323834667807646,El aceite Primor rinde muchísimo.,62,7
2026-02-28 11:19:35.308801,Don Vittorio,Aceites,131.22812507037352,90.61753353318714,40.61059153718638,4.3253862316926055,"Pésima calidad, vino abierto el empaque.",52,3
2026-03-05 11:19:35.308801,Casino,Aceites,118.75731434647356,72.85124327165447,45.906071074819096,4.143527899466576,Excelente sabor de las galletas.,30,2
2025-09-15 11:19:35.308801,Casino,Galletas,169.2332113654134,87.29284563717789,81.94036572823552,5.773639376547214,El detergente no quitó las manchas.,18,5
2026-06-21 11:19:35.308801,Don Vittorio,Harinas,213.6849663675879,86.04793986985511,127.63702649773278,4.694566347988239,Excelente sabor de las galletas.,38,7
2025-09-02 11:19:35.308801,Blanca Flor,Galletas,273.3914657565341,126.73350578516443,146.65795997136968,2.6916823942757873,El aceite Primor rinde muchísimo.,60,9
2026-06-22 11:19:35.308801,Don Vittorio,Aceites,156.39679034352164,92.12002123342836,64.27676911009328,2.4313718569602387,Muy caro para lo que ofrece.,44,8
2026-07-06 11:19:35.308801,Don Vittorio,Fideos,120.20346251233251,61.31837315056129,58.885089361771215,6.897070282200126,"Cumple su función, precio razonable.",35,5
2026-06-03 11:19:35.308801,Don Vittorio,Harinas,144.7581289559943,68.42404944202455,76.33407951396974,6.78230208272798,"Muy buen producto, siempre compro de esta marca.",35,5
2026-04-20 11:19:35.308801,Blanca Flor,Galletas,159.36542728395187,102.50626145835508,56.85916582559679,2.676448385516317,"Pésima calidad, vino abierto el empaque.",57,6
2025-11-24 11:19:35.308801,Sayón,Fideos,31.137590035113845,13.900319974551763,17.237270060562082,8.70741165359142,Me encanta Blanca Flor para mis postres.,44,1
2025-12-13 11:19:35.308801,Casino,Fideos,94.27037600695463,54.37216282568934,39.8982131812653,13.128375360804103,"Cumple su función, precio razonable.",56,4
2026-03-05 11:19:35.308801,Bolívar,Harinas,153.27995981928495,98.65709130563664,54.622868513648314,4.324002110488612,"Cumple su función, precio razonable.",30,7
2026-06-09 11:19:35.308801,Sayón,Galletas,139.2048555219265,63.45758492927523,75.74727059265128,3.22442762796734,Me encanta Blanca Flor para mis postres.,64,8
2026-07-04 11:19:35.308801,Casino,Fideos,159.33662964805754,90.46610567642124,68.8705239716363,5.223678023600533,Excelente sabor de las galletas.,29,9
2025-12-03 11:19:35.308801,Blanca Flor,Galletas,177.43815208970256,119.24074742197156,58.19740466773099,4.0955159430738295,"Pésima calidad, vino abierto el empaque.",63,5
2026-03-23 11:19:35.308801,Primor,Aceites,155.2901939183168,105.42601037587808,49.86418354243871,3.3643605938080223,El aceite Primor rinde muchísimo.,53,1
2025-12-28 11:19:35.308801,Sayón,Detergentes,87.90780002394621,48.30704400057578,39.60075602337043,10.541033344502702,El detergente no quitó las manchas.,24,2
2026-03-31 11:19:35.308801,Bolívar,Galletas,93.17917910562821,50.764453576805224,42.414725528822984,3.7973962258983507,"Pésima calidad, vino abierto el empaque.",23,4
2026-05-09 11:19:35.308801,Blanca Flor,Detergentes,208.98939947494196,116.02004063384699,92.96935884109497,5.7168669744805936,Muy caro para lo que ofrece.,22,8
2026-06-15 11:19:35.308801,Don Vittorio,Detergentes,168.6741361609795,68.34296361709578,100.33117254388371,6.952041220928876,Me encanta Blanca Flor para mis postres.,44,3
2025-11-16 11:19:35.308801,Blanca Flor,Fideos,156.7650596642042,75.56423511235324,81.20082455185094,5.966174456762285,Excelente sabor de las galletas.,49,7
2026-08-18 11:19:35.308801,Blanca Flor,Harinas,101.69545147799744,63.32307676167685,38.372374716320586,3.5135781983597183,El aceite Primor rinde muchísimo.,23,3
2026-03-12 11:19:35.308801,Don Vittorio,Fideos,122.05723359693299,58.47962976679392,63.57760383013907,5.982844996556589,Me encanta Blanca Flor para mis postres.,46,8
2026-05-02 11:19:35.308801,Don Vittorio,Fideos,101.8703836427394,42.21401406308896,59.65636957965044,6.213303398137839,Excelente sabor de las galletas.,23,8
2026-05-07 11:19:35.308801,Primor,Fideos,130.3932464420521,65.59459318387152,64.79865325818056,8.312886753739429,Muy caro para lo que ofrece.,64,7
2026-04-27 11:19:35.308801,Casino,Harinas,198.86251104588428,123.34912197169749,75.51338907418679,5.17870616982227,"Cumple su función, precio razonable.",21,7
2025-10-17 11:19:35.308801,Sayón,Harinas,143.21736438219526,93.90748279243613,49.30988158975913,5.722983928342493,El aceite Primor rinde muchísimo.,29,3
2025-09-24 11:19:35.308801,Bolívar,Aceites,244.30834338047995,123.72433102789641,120.58401235258354,5.3380253928499,Excelente sabor de las galletas.,18,7
2026-07-16 11:19:35.308801,Blanca Flor,Harinas,36.90187140190288,24.75618778897913,12.14568361292375,4.586367503912646,El detergente no quitó las manchas.,24,7
2026-01-31 11:19:35.308801,Sayón,Galletas,131.74714587133565,77.46605356893474,54.28109230240091,4.383325443826321,"Pésima calidad, vino abierto el empaque.",58,8
2025-09-23 11:19:35.308801,Bolívar,Chocolates,62.31577814444252,32.643273905753944,29.672504238688575,5.710140210424651,Me encanta Blanca Flor para mis postres.,54,7
2025-09-04 11:19:35.308801,Blanca Flor,Harinas,146.22997514429375,84.31979122125102,61.91018392304272,13.754011571292382,"Pésima calidad, vino abierto el empaque.",47,1
2025-10-05 11:19:35.308801,Casino,Detergentes,117.74538314428061,76.13124107244627,41.61414207183434,4.3656468577759835,Excelente sabor de las galletas.,25,5
2025-10-10 11:19:35.308801,Casino,Aceites,125.15539335040086,83.06550121560676,42.0898921347941,1.2106812452847375,El detergente no quitó las manchas.,26,8
2026-05-26 11:19:35.308801,Casino,Detergentes,142.06907557907516,72.12067891891282,69.94839666016235,7.214425898656307,"Pésima calidad, vino abierto el empaque.",31,6
2026-03-05 11:19:35.308801,Casino,Galletas,166.81025788204877,103.54942849314607,63.26082938890271,11.183682657999338,Me encanta Blanca Flor para mis postres.,55,5
2025-12-26 11:19:35.308801,Sayón,Galletas,65.49683728682359,28.274753424944628,37.222083861878964,2.707021123347886,El aceite Primor rinde muchísimo.,21,7
2026-01-28 11:19:35.308801,Sayón,Galletas,183.75091891104884,108.34949827545817,75.40142063559067,3.402334189575256,El detergente no quitó las manchas.,39,4
2025-10-28 11:19:35.308801,Blanca Flor,Galletas,91.90520803258596,56.895197946003556,35.010010086582405,4.260363323780999,El detergente no quitó las manchas.,27,1
2025-12-30 11:19:35.308801,Casino,Chocolates,172.61505277951014,80.86670466593755,91.74834811357259,2.3563762420336825,El detergente no quitó las manchas.,37,2
2026-01-20 11:19:35.308801,Sayón,Fideos,82.39620643150484,51.75934550271785,30.636860928786987,1.642076636604434,"Pésima calidad, vino abierto el empaque.",31,2
2026-06-23 11:19:35.308801,Casino,Galletas,201.9012133513757,99.99188482448686,101.90932852688884,2.480000646488273,El detergente no quitó las manchas.,18,3
2026-01-27 11:19:35.308801,Don Vittorio,Fideos,213.31104967805027,112.95346211462613,100.35758756342413,2.7958530903545205,El aceite Primor rinde muchísimo.,18,6
2025-10-22 11:19:35.308801,Sayón,Fideos,113.18666915222329,48.525687681476555,64.66098147074673,2.867439051240734,"Muy buen producto, siempre compro de esta marca.",37,3
2026-04-26 11:19:35.308801,Blanca Flor,Harinas,93.80718895100252,48.99295895943347,44.81422999156904,3.000060506644166,"Muy buen producto, siempre compro de esta marca.",44,4
2026-03-31 11:19:35.308801,Don Vittorio,Galletas,181.2205403510083,109.76044165269532,71.46009869831299,5.133934824176572,Excelente sabor de las galletas.,22,8
2025-10-12 11:19:35.308801,Casino,Detergentes,230.7311063720615,151.03630844624905,79.69479792581245,4.62949074856298,"Pésima calidad, vino abierto el empaque.",32,7
2025-12-30 11:19:35.308801,Bolívar,Chocolates,96.86149880116486,65.93926763374509,30.922231167419767,5.440168226106023,El aceite Primor rinde muchísimo.,58,1
2026-01-22 11:19:35.308801,Blanca Flor,Fideos,130.01114817198896,77.1362796414559,52.874868530533064,8.925075261133875,El aceite Primor rinde muchísimo.,56,4
2026-02-06 11:19:35.308801,Casino,Chocolates,178.27917547506541,116.49755782673837,61.78161764832704,4.799472542850385,Me encanta Blanca Flor para mis postres.,35,5
2026-08-16 11:19:35.308801,Don Vittorio,Detergentes,184.88174318543608,80.3070774270753,104.57466575836078,3.114013255541113,Muy caro para lo que ofrece.,32,5
2026-05-04 11:19:35.308801,Bolívar,Detergentes,127.01592376546404,61.820514343538065,65.19540942192597,3.3764837893210893,Excelente sabor de las galletas.,26,1
2025-09-28 11:19:35.308801,Sayón,Chocolates,182.29331512485336,107.96095851487654,74.33235660997683,4.540875378143271,"Muy buen producto, siempre compro de esta marca.",44,5
2026-02-24 11:19:35.308801,Bolívar,Aceites,105.10840646102663,44.73280074162054,60.375605719406096,4.015276208658245,"Cumple su función, precio razonable.",46,8
2026-07-24 11:19:35.308801,Casino,Detergentes,178.32011600113202,81.45588479215351,96.86423120897851,7.745377902515133,Me encanta Blanca Flor para mis postres.,40,8
2026-03-21 11:19:35.308801,Bolívar,Aceites,107.24343314770414,74.62717490325444,32.616258244449696,2.361246890723235,El detergente no quitó las manchas.,54,3
2025-11-29 11:19:35.308801,Bolívar,Aceites,182.2978459987783,82.92759832926002,99.37024766951829,6.018955035946489,"Cumple su función, precio razonable.",27,9
2026-01-14 11:19:35.308801,Bolívar,Harinas,135.4109354353077,93.6209741701534,41.78996126515429,2.8980751172849346,"Muy buen producto, siempre compro de esta marca.",29,1
2025-09-24 11:19:35.308801,Don Vittorio,Chocolates,112.70934914563291,69.2341595906184,43.47518955501451,4.531329577626516,El aceite Primor rinde muchísimo.,35,3
2026-08-22 11:19:35.308801,Bolívar,Chocolates,114.13388353074005,71.76981262406174,42.36407090667831,3.593470369680508,Me encanta Blanca Flor para mis postres.,39,6
2026-02-27 11:19:35.308801,Sayón,Harinas,141.37343441323426,83.64026924543693,57.73316516779734,6.318819774543028,Me encanta Blanca Flor para mis postres.,49,9
2026-06-06 11:19:35.308801,Sayón,Fideos,141.15400457910792,67.97800846219349,73.17599611691443,3.6116279408951373,"Muy buen producto, siempre compro de esta marca.",50,5
2026-01-17 11:19:35.308801,Bolívar,Detergentes,196.83959479820504,124.82554850079005,72.01404629741499,5.742665643856667,"Cumple su función, precio razonable.",60,2
2026-04-19 11:19:35.308801,Sayón,Galletas,158.663815823296,89.70660726681648,68.95720855647953,12.992410033428627,"Cumple su función, precio razonable.",39,4
2026-08-14 11:19:35.308801,Primor,Galletas,124.49600478394906,81.7488921350662,42.74711264888286,4.848438946416811,"Muy buen producto, siempre compro de esta marca.",46,8
2025-12-27 11:19:35.308801,Blanca Flor,Galletas,148.69007330805007,74.99890680084117,73.6911665072089,7.888168097975783,"Pésima calidad, vino abierto el empaque.",48,7
2025-09-06 11:19:35.308801,Bolívar,Aceites,154.25551258144793,85.48231261873461,68.77319996271332,3.5815348437271743,Me encanta Blanca Flor para mis postres.,45,3
2025-12-03 11:19:35.308801,Casino,Harinas,177.12443007304915,101.41921533136757,75.70521474168159,3.851061157557102,Me encanta Blanca Flor para mis postres.,37,1
2025-09-19 11:19:35.308801,Bolívar,Detergentes,151.9674631046909,74.70938695869458,77.25807614599631,2.200897946480614,El aceite Primor rinde muchísimo.,63,5
2025-11-22 11:19:35.308801,Don Vittorio,Chocolates,143.77164737061867,65.15421847223737,78.61742889838129,7.110538805749046,"Pésima calidad, vino abierto el empaque.",33,5
2026-01-30 11:19:35.308801,Primor,Chocolates,182.37961276951228,111.4272569627472,70.95235580676508,4.178379123697853,El aceite Primor rinde muchísimo.,55,2
2026-03-28 11:19:35.308801,Casino,Chocolates,-10.394307797444867,-5.797041920610007,-4.59726587683486,3.550733841881865,"Cumple su función, precio razonable.",30,8
2025-09-20 11:19:35.308801,Blanca Flor,Chocolates,65.6925422655497,34.36177498219929,31.33076728335041,3.1256997847948234,El detergente no quitó las manchas.,56,9
2026-07-16 11:19:35.308801,Casino,Aceites,86.17456655716526,50.392259342420026,35.78230721474524,4.968671218051362,"Cumple su función, precio razonable.",28,1
2025-09-14 11:19:35.308801,Blanca Flor,Harinas,201.34101736573177,122.0586206805971,79.28239668513467,6.873942728543343,Me encanta Blanca Flor para mis postres.,41,3
2026-08-16 11:19:35.308801,Don Vittorio,Fideos,122.5482142858088,74.36044162654746,48.18777265926134,3.309523777055188,"Cumple su función, precio razonable.",24,1
2025-10-28 11:19:35.308801,Bolívar,Detergentes,192.55752088258117,109.72904055573927,82.8284803268419,3.8994067346491788,Muy caro para lo que ofrece.,49,6
2025-09-11 11:19:35.308801,Sayón,Detergentes,123.9036382941803,68.33699870855806,55.56663958562224,5.352373452272078,El aceite Primor rinde muchísimo.,25,8
2025-12-10 11:19:35.308801,Don Vittorio,Chocolates,177.09175239978595,87.90888310585147,89.18286929393447,4.722225160209078,"Muy buen producto, siempre compro de esta marca.",40,9
2026-02-18 11:19:35.308801,Casino,Fideos,149.24535315318363,66.40555181639353,82.8398013367901,6.628714428811787,Me encanta Blanca Flor para mis postres.,54,6
2025-09-14 11:19:35.308801,Blanca Flor,Detergentes,157.2056851466752,105.58569224705758,51.619992899617614,6.888453644798086,Excelente sabor de las galletas.,40,1
2025-12-25 11:19:35.308801,Sayón,Harinas,199.97136242800843,98.30741538348924,101.66394704451919,2.8424733364737182,El detergente no quitó las manchas.,33,3
2025-12-29 11:19:35.308801,Bolívar,Detergentes,180.79567487248178,112.86835384967807,67.92732102280371,4.682982990310342,Muy caro para lo que ofrece.,24,2
2026-07-26 11:19:35.308801,Primor,Chocolates,136.67871478641564,89.45719604843032,47.22151873798532,2.789875480169747,Excelente sabor de las galletas.,23,7
2025-10-04 11:19:35.308801,Don Vittorio,Harinas,175.08989349913264,83.02630592450627,92.06358757462637,6.551025143186526,"Cumple su función, precio razonable.",57,7
2026-06-11 11:19:35.308801,Primor,Aceites,211.28953474781997,93.68278299834996,117.60675174947,2.5800236459554164,"Muy buen producto, siempre compro de esta marca.",33,8
2025-11-13 11:19:35.308801,Sayón,Detergentes,116.75535392208747,80.71448216825392,36.04087175383354,13.40369706923194,"Cumple su función, precio razonable.",33,3
2025-11-15 11:19:35.308801,Don Vittorio,Aceites,105.72008565487852,64.7715339401514,40.94855171472712,8.057245691307775,El aceite Primor rinde muchísimo.,24,9
2026-08-04 11:19:35.308801,Blanca Flor,Harinas,179.65904833219417,96.9852311260095,82.67381720618468,5.5167616623765765,El aceite Primor rinde muchísimo.,34,7
2025-10-07 11:19:35.308801,Blanca Flor,Galletas,128.33462828232413,86.66224078077042,41.672387501553715,15.148764042158588,"Pésima calidad, vino abierto el empaque.",64,9
2026-08-16 11:19:35.308801,Casino,Harinas,141.85632297786714,66.0520718121116,75.80425116575553,7.5086410531122665,"Cumple su función, precio razonable.",57,7
2026-03-29 11:19:35.308801,Blanca Flor,Aceites,217.66451571404,138.44805994569782,79.21645576834217,4.625837642429757,Excelente sabor de las galletas.,19,8
2025-09-12 11:19:35.308801,Don Vittorio,Aceites,183.62579681243335,117.9869946911812,65.63880212125216,1.2397141850882145,El aceite Primor rinde muchísimo.,59,2
2026-06-24 11:19:35.308801,Casino,Galletas,104.20711855802703,63.65183723212601,40.55528132590102,2.56241314223687,Muy caro para lo que ofrece.,18,8
2025-11-08 11:19:35.308801,Sayón,Detergentes,68.37503466325126,35.53270854199843,32.842326121252825,4.924423222170336,"Cumple su función, precio razonable.",35,4
2026-02-14 11:19:35.308801,Sayón,Fideos,157.59833907337045,109.84823562429884,47.75010344907162,2.2531356598953667,"Pésima calidad, vino abierto el empaque.",29,5
2025-09-11 11:19:35.308801,Primor,Aceites,129.4452851061522,55.46508184523492,73.98020326091728,2.771202566579357,El aceite Primor rinde muchísimo.,27,4
2026-05-02 11:19:35.308801,Casino,Aceites,103.15501067152773,61.73833259631665,41.41667807521108,6.86665485651933,Muy caro para lo que ofrece.,64,8
2025-09-02 11:19:35.308801,Blanca Flor,Chocolates,169.29865799321752,115.62881129900613,53.66984669421139,0.955711415607283,Muy caro para lo que ofrece.,27,1
2026-02-15 11:19:35.308801,Bolívar,Detergentes,147.61200738908957,98.34750391084279,49.26450347824678,4.513434802519608,"Muy buen producto, siempre compro de esta marca.",30,7
2026-03-08 11:19:35.308801,Blanca Flor,Aceites,176.84862292972196,93.86224457123491,82.98637835848704,2.126893533849258,Muy caro para lo que ofrece.,63,6
2025-10-27 11:19:35.308801,Primor,Galletas,165.13301651649712,113.78052722668639,51.352489289810734,6.19858606286027,El detergente no quitó las manchas.,35,7
2026-03-18 11:19:35.308801,Don Vittorio,Aceites,144.07395747951568,68.25389620986407,75.82006126965162,4.239414288487017,"Pésima calidad, vino abierto el empaque.",20,8
2026-04-09 11:19:35.308801,Blanca Flor,Galletas,128.94383939759737,79.41837783717075,49.52546156042662,5.360445755213249,Me encanta Blanca Flor para mis postres.,47,2
2026-05-22 11:19:35.308801,Don Vittorio,Detergentes,134.69288639246037,77.20623167472122,57.48665471773914,2.4769290071830476,"Cumple su función, precio razonable.",24,2
2026-04-10 11:19:35.308801,Blanca Flor,Chocolates,131.2125771009498,67.46802505819907,63.744552042750726,1.3872794664655188,Excelente sabor de las galletas.,25,3
2026-07-09 11:19:35.308801,Casino,Detergentes,179.25140721953144,89.76524486715314,89.4861623523783,5.273251940242,Muy caro para lo que ofrece.,28,9
2026-08-11 11:19:35.308801,Blanca Flor,Aceites,157.68634960179355,97.45263220214805,60.2337173996455,9.911979761495958,"Pésima calidad, vino abierto el empaque.",45,6
2026-03-04 11:19:35.308801,Primor,Aceites,129.05750389556167,54.90220070210281,74.15530319345885,5.667019998438583,"Muy buen producto, siempre compro de esta marca.",22,8
2026-04-03 11:19:35.308801,Don Vittorio,Chocolates,111.7168469360938,73.4088767678169,38.307970168276896,4.045404236711802,Excelente sabor de las galletas.,20,5
2025-11-23 11:19:35.308801,Blanca Flor,Aceites,179.73720584907812,106.58112672205387,73.15607912702426,6.240248241700827,El aceite Primor rinde muchísimo.,44,8
2026-07-16 11:19:35.308801,Bolívar,Galletas,234.38047952292084,147.25981245635415,87.12066706656668,7.9250810802182095,El aceite Primor rinde muchísimo.,20,7
2026-03-08 11:19:35.308801,Casino,Aceites,43.416163499849375,23.178215619667355,20.23794788018202,11.425821316284658,"Pésima calidad, vino abierto el empaque.",61,4
2026-08-13 11:19:35.308801,Don Vittorio,Fideos,159.69159342299136,110.75923256540369,48.93236085758767,4.839624124629153,Muy caro para lo que ofrece.,59,8
2026-01-28 11:19:35.308801,Primor,Aceites,168.196875603281,91.80017672465608,76.39669887862492,1.5803445108392964,Me encanta Blanca Flor para mis postres.,40,2
2026-02-26 11:19:35.308801,Casino,Galletas,136.44467061751382,87.90719984378832,48.5374707737255,5.027046494384514,"Cumple su función, precio razonable.",38,4
2025-11-30 11:19:35.308801,Casino,Detergentes,159.08865233582793,65.87183349777372,93.21681883805421,3.2463307142859383,El detergente no quitó las manchas.,46,7
2026-02-11 11:19:35.308801,Don Vittorio,Detergentes,230.30334612333462,143.93161790133664,86.37172822199798,8.071903317011554,"Pésima calidad, vino abierto el empaque.",30,7
2025-12-26 11:19:35.308801,Don Vittorio,Galletas,115.21544343121053,60.74587956476647,54.46956386644406,1.7825912128359873,Me encanta Blanca Flor para mis postres.,25,1
2025-10-12 11:19:35.308801,Primor,Chocolates,169.5298884441842,86.80075551375288,82.72913293043132,7.653057082534543,"Cumple su función, precio razonable.",49,4
2025-11-18 11:19:35.308801,Bolívar,Detergentes,152.3816936267294,81.16892044663224,71.21277318009716,5.657319964739144,Me encanta Blanca Flor para mis postres.,49,7
2026-03-02 11:19:35.308801,Sayón,Aceites,117.82769722218109,70.74387728990668,47.08381993227441,3.7661067244848323,"Pésima calidad, vino abierto el empaque.",59,8
2026-01-09 11:19:35.308801,Casino,Chocolates,146.46351656125682,70.49783405087958,75.96568251037725,4.997888989823373,Muy caro para lo que ofrece.,64,5
2026-04-17 11:19:35.308801,Blanca Flor,Detergentes,221.02941287944674,135.84563928380953,85.1837735956372,11.496991203248076,Me encanta Blanca Flor para mis postres.,40,3
2026-01-26 11:19:35.308801,Blanca Flor,Detergentes,170.4931214082864,74.41771031450061,96.0754110937858,2.1844337403836507,Me encanta Blanca Flor para mis postres.,30,2
2026-01-02 11:19:35.308801,Don Vittorio,Chocolates,34.81579526511898,14.823012884813156,19.992782380305822,4.044645891433206,"Muy buen producto, siempre compro de esta marca.",43,7
2025-10-05 11:19:35.308801,Blanca Flor,Chocolates,139.451459243382,57.669930392639884,81.78152885074212,3.826245808090965,El detergente no quitó las manchas.,61,2
2026-06-01 11:19:35.308801,Primor,Galletas,158.9105075413744,73.16101278709088,85.7494947542835,4.81013609528778,Me encanta Blanca Flor para mis postres.,50,7
2026-08-29 11:19:35.308801,Primor,Detergentes,190.7653435915022,111.42522770865011,79.34011588285207,8.914034984548366,"Pésima calidad, vino abierto el empaque.",34,5
2026-01-06 11:19:35.308801,Blanca Flor,Detergentes,153.42804849284977,68.76541259674778,84.66263589610199,5.5323963925690975,Me encanta Blanca Flor para mis postres.,57,1
2025-10-24 11:19:35.308801,Blanca Flor,Harinas,212.511214572685,131.9293090619155,80.5819055107695,6.334658539466385,"Muy buen producto, siempre compro de esta marca.",26,7
2026-03-19 11:19:35.308801,Sayón,Harinas,110.3039634881068,46.773326790592215,63.53063669751459,4.3939647738026935,"Pésima calidad, vino abierto el empaque.",25,1
2026-02-08 11:19:35.308801,Sayón,Detergentes,98.85129681190566,63.05068954976557,35.80060726214008,4.664921395328728,Excelente sabor de las galletas.,24,1
2026-07-14 11:19:35.308801,Casino,Aceites,75.77892866098217,35.42066729605507,40.3582613649271,1.6528339507311836,Muy caro para lo que ofrece.,47,2
2026-04-06 11:19:35.308801,Blanca Flor,Chocolates,185.69475056061728,83.54319371370204,102.15155684691524,1.7951317244728553,Excelente sabor de las galletas.,42,2
2025-10-12 11:19:35.308801,Sayón,Detergentes,98.11528668257682,61.99698417736234,36.11830250521448,3.9832625451523698,"Muy buen producto, siempre compro de esta marca.",63,9
2026-05-16 11:19:35.308801,Bolívar,Fideos,68.41560286596112,35.09351429487221,33.32208857108891,4.917549719861841,"Cumple su función, precio razonable.",56,7
2025-09-12 11:19:35.308801,Blanca Flor,Harinas,174.09414120960295,93.28349270863,80.81064850097295,4.333476952497532,El detergente no quitó las manchas.,25,1
2025-11-11 11:19:35.308801,Casino,Galletas,88.88384969475717,51.27057343066137,37.6132762640958,1.8565457946061992,"Cumple su función, precio razonable.",53,5
2026-06-08 11:19:35.308801,Blanca Flor,Aceites,206.4552412292689,109.21303303726292,97.24220819200598,4.541704808814366,Muy caro para lo que ofrece.,38,3
2026-05-21 11:19:35.308801,Blanca Flor,Aceites,156.71821963587675,101.58840126105031,55.12981837482644,4.758492682465852,El detergente no quitó las manchas.,38,3
2026-02-21 11:19:35.308801,Blanca Flor,Detergentes,86.11335363695584,59.18837682534541,26.924976811610428,2.882321389357158,"Muy buen producto, siempre compro de esta marca.",33,6
2025-09-05 11:19:35.308801,Sayón,Chocolates,195.30335569201876,117.77598271282972,77.52737297918904,3.8657881571327164,"Muy buen producto, siempre compro de esta marca.",39,6
2025-11-08 11:19:35.308801,Bolívar,Detergentes,155.48250573707296,74.68583979424392,80.79666594282904,3.823097332912032,"Pésima calidad, vino abierto el empaque.",49,6
2026-06-12 11:19:35.308801,Sayón,Galletas,125.82712197485313,50.38892572123539,75.43819625361775,2.955295004873668,El aceite Primor rinde muchísimo.,46,9
2026-05-01 11:19:35.308801,Don Vittorio,Harinas,196.1197923364412,137.19388724192078,58.92590509452043,5.158353327087136,"Pésima calidad, vino abierto el empaque.",20,5
2026-01-16 11:19:35.308801,Don Vittorio,Detergentes,121.05641749310226,63.95000527011458,57.10641222298768,3.8342787464881853,El detergente no quitó las manchas.,19,2
2026-08-22 11:19:35.308801,Sayón,Aceites,209.72031238977868,133.3803324806964,76.33997990908227,7.1723115299428954,"Pésima calidad, vino abierto el empaque.",45,1
2025-11-22 11:19:35.308801,Casino,Harinas,157.08475012082366,79.89368514814872,77.19106497267494,1.9183349633166318,"Cumple su función, precio razonable.",18,9
2025-11-16 11:19:35.308801,Bolívar,Aceites,81.96353507176246,55.952622510140316,26.01091256162215,4.926995729071274,Me encanta Blanca Flor para mis postres.,29,3
2026-04-15 11:19:35.308801,Bolívar,Harinas,216.36537252643933,90.09293336539832,126.272439161041,8.083775968135226,El aceite Primor rinde muchísimo.,41,1
2026-04-05 11:19:35.308801,Bolívar,Aceites,199.83240230607493,98.16869250727721,101.66370979879771,5.116571487693427,El detergente no quitó las manchas.,23,8
2026-04-28 11:19:35.308801,Sayón,Chocolates,82.30648918550571,44.56705224592198,37.73943693958373,3.5434588784436647,El aceite Primor rinde muchísimo.,35,1
2025-12-28 11:19:35.308801,Primor,Detergentes,139.31188333455043,76.71923708726328,62.59264624728715,9.133701931861783,Muy caro para lo que ofrece.,38,9
2025-09-29 11:19:35.308801,Primor,Aceites,95.35327678508023,54.43731056236349,40.91596622271673,8.004001627753537,"Cumple su función, precio razonable.",44,3
2026-08-06 11:19:35.308801,Don Vittorio,Chocolates,148.17342677327133,85.72054847959855,62.45287829367278,3.7128211966414884,Muy caro para lo que ofrece.,45,3
2026-02-16 11:19:35.308801,Blanca Flor,Chocolates,127.60128582252884,67.68035159549751,59.920934227031324,2.453378818762938,Muy caro para lo que ofrece.,27,3
2025-11-06 11:19:35.308801,Casino,Fideos,114.8169621973272,72.28316103880196,42.533801158525236,4.3726183744463025,Muy caro para lo que ofrece.,63,8
2025-09-10 11:19:35.308801,Casino,Fideos,170.38932748258566,91.5966294075062,78.79269807507946,2.8729424059202113,"Cumple su función, precio razonable.",26,6
2026-03-05 11:19:35.308801,Primor,Aceites,181.8464220099429,123.0850084901814,58.761413519761504,7.386125202174909,"Muy buen producto, siempre compro de esta marca.",36,1
2026-07-09 11:19:35.308801,Bolívar,Galletas,224.45444099068314,95.4572881549504,128.99715283573272,4.160302657515028,Me encanta Blanca Flor para mis postres.,38,5
2026-05-21 11:19:35.308801,Sayón,Harinas,94.94921909097825,58.98952898245848,35.959690108519766,6.985749954018689,Muy caro para lo que ofrece.,59,5
2026-01-13 11:19:35.308801,Primor,Galletas,181.9594259797191,75.90639569320449,106.05303028651461,3.6958223543401325,Me encanta Blanca Flor para mis postres.,23,6
2025-11-13 11:19:35.308801,Don Vittorio,Harinas,151.43651879163278,90.8034603680379,60.633058423594875,7.9653640056517645,El detergente no quitó las manchas.,20,1
2026-02-18 11:19:35.308801,Bolívar,Harinas,90.26642218759923,51.52888669277159,38.73753549482764,2.23344874209383,"Pésima calidad, vino abierto el empaque.",38,1
2026-04-02 11:19:35.308801,Primor,Fideos,155.03982706429227,87.40526364164432,67.63456342264794,5.336070611170736,El aceite Primor rinde muchísimo.,43,3
2026-04-13 11:19:35.308801,Blanca Flor,Fideos,150.63538436254004,75.97677372458234,74.6586106379577,4.287719071975363,"Muy buen producto, siempre compro de esta marca.",43,2
2026-04-24 11:19:35.308801,Blanca Flor,Chocolates,177.53714128667096,103.07745326470547,74.45968802196549,6.456435429942548,"Pésima calidad, vino abierto el empaque.",23,8
2025-10-22 11:19:35.308801,Bolívar,Chocolates,169.0203623784587,110.70000947192136,58.32035290653735,7.4933059228690615,"Cumple su función, precio razonable.",58,4
2026-02-25 11:19:35.308801,Casino,Galletas,164.44924741472852,104.74471852840132,59.704528886327196,2.8784687028111544,"Muy buen producto, siempre compro de esta marca.",30,5
2026-06-05 11:19:35.308801,Sayón,Galletas,173.24331082035883,92.67716469249478,80.56614612786404,3.67471019340922,Excelente sabor de las galletas.,37,4
2026-08-07 11:19:35.308801,Blanca Flor,Galletas,105.99599803534795,72.05338839348921,33.94260964185874,10.182334829877332,Me encanta Blanca Flor para mis postres.,58,5
2026-03-16 11:19:35.308801,Casino,Aceites,150.15186595087914,104.14234031696883,46.009525633910314,5.19794947008394,Muy caro para lo que ofrece.,31,1
2025-12-07 11:19:35.308801,Blanca Flor,Aceites,152.28192231262298,98.42637853607988,53.8555437765431,3.8195628558929986,Excelente sabor de las galletas.,41,7
2025-09-17 11:19:35.308801,Bolívar,Fideos,55.57598272192746,35.20701492452524,20.36896779740222,6.976801181869175,"Pésima calidad, vino abierto el empaque.",33,8
2025-10-21 11:19:35.308801,Primor,Aceites,154.87002305208432,78.43344666358966,76.43657638849466,4.478480401933286,El detergente no quitó las manchas.,38,4
2025-09-04 11:19:35.308801,Blanca Flor,Fideos,89.20590025049115,38.776111675453826,50.42978857503733,5.4905525836162274,"Pésima calidad, vino abierto el empaque.",18,4
2026-05-07 11:19:35.308801,Sayón,Harinas,208.5456172256541,145.5748894720002,62.970727753653904,2.8611177925689804,Excelente sabor de las galletas.,41,3
2025-11-30 11:19:35.308801,Blanca Flor,Detergentes,69.62072814007975,42.683740219676224,26.936987920403524,3.2362392108808975,"Pésima calidad, vino abierto el empaque.",57,2
2026-07-16 11:19:35.308801,Primor,Fideos,158.1343904223067,98.83108999420864,59.303300428098055,3.687128426715349,"Pésima calidad, vino abierto el empaque.",46,8
2026-01-24 11:19:35.308801,Sayón,Galletas,134.0245864232856,75.97811095887978,58.046475464405816,6.408887341408855,El detergente no quitó las manchas.,62,3
2025-09-17 11:19:35.308801,Don Vittorio,Aceites,69.0896944616708,47.09487899093528,21.994815470735524,5.447498649304028,El detergente no quitó las manchas.,47,9
2026-02-08 11:19:35.308801,Sayón,Chocolates,171.9981425605338,82.12077362708911,89.8773689334447,4.1793707740055455,"Muy buen producto, siempre compro de esta marca.",54,1
2025-09-20 11:19:35.308801,Casino,Galletas,153.29266416941812,65.92698509367858,87.36567907573954,2.8963021008097685,Me encanta Blanca Flor para mis postres.,58,7
2026-03-24 11:19:35.308801,Blanca Flor,Chocolates,111.9569048633767,65.72691459873246,46.22999026464424,6.031559802524575,"Cumple su función, precio razonable.",56,8
2026-01-10 11:19:35.308801,Casino,Aceites,123.88742201060066,65.91855939677112,57.96886261382954,5.7624351435343995,El aceite Primor rinde muchísimo.,21,9
2026-02-02 11:19:35.308801,Blanca Flor,Aceites,245.55859939655113,155.65473715907305,89.90386223747808,2.7464975496253814,"Cumple su función, precio razonable.",48,3
2025-10-26 11:19:35.308801,Bolívar,Aceites,209.58135007712485,145.99175184473552,63.589598232389335,5.092418166688811,El aceite Primor rinde muchísimo.,30,3
2026-06-06 11:19:35.308801,Primor,Aceites,120.49418128373995,74.54253204174448,45.95164924199547,4.795336084099412,"Cumple su función, precio razonable.",58,1
2026-01-15 11:19:35.308801,Blanca Flor,Chocolates,197.68290424379188,136.68155854403003,61.001345699761856,4.443251643179927,"Muy buen producto, siempre compro de esta marca.",64,5
2025-10-19 11:19:35.308801,Blanca Flor,Chocolates,246.42672730968286,156.0952311733574,90.33149613632546,7.9045330944078085,"Pésima calidad, vino abierto el empaque.",34,8
2026-08-05 11:19:35.308801,Bolívar,Aceites,49.1576332559728,29.34283209947789,19.81480115649491,13.430473982261272,Me encanta Blanca Flor para mis postres.,58,5
2026-02-02 11:19:35.308801,Blanca Flor,Harinas,156.55034884462313,89.47775105089384,67.07259779372929,3.08794618197369,El detergente no quitó las manchas.,61,1
2026-01-15 11:19:35.308801,Don Vittorio,Harinas,163.7164789740204,93.32343170951737,70.39304726450302,1.7604626896159197,"Pésima calidad, vino abierto el empaque.",57,5
2025-12-27 11:19:35.308801,Don Vittorio,Fideos,135.5269066507588,88.943755928366,46.5831507223928,8.13078856465537,"Muy buen producto, siempre compro de esta marca.",41,8
2025-10-28 11:19:35.308801,Bolívar,Harinas,164.5279066488127,88.7064643126473,75.82144233616539,5.1262189215719705,El detergente no quitó las manchas.,60,2
2025-11-25 11:19:35.308801,Primor,Galletas,44.84798461149528,21.735275325545274,23.112709285950004,3.514747163861891,Excelente sabor de las galletas.,25,4
2026-04-24 11:19:35.308801,Sayón,Harinas,157.51229981068204,108.59397890172107,48.918320908960965,2.469887663232637,Excelente sabor de las galletas.,34,3
2025-12-15 11:19:35.308801,Primor,Detergentes,127.13197919524474,57.05149081258458,70.08048838266015,5.134537976660569,Me encanta Blanca Flor para mis postres.,45,4
2026-08-03 11:19:35.308801,Sayón,Galletas,141.95583507807547,88.28869704534662,53.66713803272884,13.69201308641109,Me encanta Blanca Flor para mis postres.,49,8
2025-12-11 11:19:35.308801,Don Vittorio,Detergentes,238.5359907107312,151.7052190999751,86.8307716107561,2.12841680912369,"Pésima calidad, vino abierto el empaque.",55,5
2025-12-25 11:19:35.308801,Primor,Detergentes,308.4728196298696,177.94984068702735,130.52297894284226,1.7884748925721632,"Muy buen producto, siempre compro de esta marca.",37,3
2025-11-16 11:19:35.308801,Primor,Chocolates,95.06137433682926,48.07405182877078,46.98732250805848,3.1868657837167964,"Muy buen producto, siempre compro de esta marca.",53,9
2026-02-14 11:19:35.308801,Blanca Flor,Chocolates,188.5179889875606,89.67386326562773,98.84412572193288,5.290357005647485,El aceite Primor rinde muchísimo.,18,1
2025-12-03 11:19:35.308801,Primor,Chocolates,44.88323054260354,18.346679020800117,26.536551521803425,2.3805535620743017,El aceite Primor rinde muchísimo.,38,1
2025-11-03 11:19:35.308801,Don Vittorio,Aceites,242.53025448850855,123.19332147995058,119.33693300855796,2.0712574906558276,"Muy buen producto, siempre compro de esta marca.",48,3
2026-05-10 11:19:35.308801,Casino,Detergentes,147.3934355991435,84.96009339960236,62.43334219954113,11.136410898040316,Me encanta Blanca Flor para mis postres.,33,8
2025-12-25 11:19:35.308801,Bolívar,Aceites,87.8189929155169,50.504833436544764,37.31415947897214,7.483015286603578,El aceite Primor rinde muchísimo.,32,7
2025-11-12 11:19:35.308801,Don Vittorio,Chocolates,203.40668373266934,124.935695855579,78.47098787709034,9.766475715446166,Muy caro para lo que ofrece.,22,9
2026-03-26 11:19:35.308801,Don Vittorio,Aceites,195.5649721884143,101.44021350224553,94.12475868616876,3.7114296126064064,"Cumple su función, precio razonable.",25,1
2026-08-04 11:19:35.308801,Bolívar,Detergentes,157.30268725105975,98.92045538418795,58.382231866871805,5.188395445770433,El detergente no quitó las manchas.,49,1
2025-09-27 11:19:35.308801,Don Vittorio,Galletas,141.4832833036735,57.4528667286911,84.03041657498238,2.8601854993393228,Me encanta Blanca Flor para mis postres.,55,4
2026-05-03 11:19:35.308801,Primor,Detergentes,217.5271172541295,150.5498281502086,66.9772891039209,11.704205697595711,Me encanta Blanca Flor para mis postres.,38,4
2025-12-18 11:19:35.308801,Primor,Chocolates,128.09645382935156,83.39943422051323,44.69701960883833,3.827845098004679,Excelente sabor de las galletas.,21,5
2026-04-15 11:19:35.308801,Blanca Flor,Harinas,180.88916961881097,106.46223708122136,74.42693253758961,6.538748332125488,El detergente no quitó las manchas.,50,4
2026-05-22 11:19:35.308801,Blanca Flor,Chocolates,130.0414421871761,70.38528557657965,59.656156610596454,2.670055224255931,"Muy buen producto, siempre compro de esta marca.",42,8
2026-08-01 11:19:35.308801,Primor,Chocolates,87.12877264200736,38.01733073703557,49.11144190497179,7.224385660924268,El aceite Primor rinde muchísimo.,31,8
2026-04-30 11:19:35.308801,Casino,Aceites,193.04775808465192,97.81186473186031,95.2358933527916,8.494295764053707,"Pésima calidad, vino abierto el empaque.",61,1
2026-07-15 11:19:35.308801,Primor,Fideos,179.88757096630627,97.30288553028441,82.58468543602186,4.4148894156494976,El aceite Primor rinde muchísimo.,38,6
2026-02-23 11:19:35.308801,Primor,Galletas,176.1082292952329,71.5098894177556,104.59833987747729,7.356282463967248,"Cumple su función, precio razonable.",31,1
2025-09-11 11:19:35.308801,Casino,Galletas,214.5923559285215,88.79622684359354,125.79612908492795,2.95708185519602,Muy caro para lo que ofrece.,23,7
2026-02-10 11:19:35.308801,Bolívar,Galletas,204.66234804507292,94.826784350035,109.83556369503792,2.856222951483935,El detergente no quitó las manchas.,42,8
2026-05-10 11:19:35.308801,Sayón,Fideos,71.33322088115987,36.12383547977888,35.20938540138099,5.870376763515726,Me encanta Blanca Flor para mis postres.,30,5
2026-07-20 11:19:35.308801,Blanca Flor,Chocolates,104.33078945674478,43.836079472594136,60.494709984150646,5.395745363002526,Excelente sabor de las galletas.,34,3
2026-01-14 11:19:35.308801,Bolívar,Fideos,187.2499734135736,118.25439222391947,68.99558118965413,6.1979773120723545,"Muy buen producto, siempre compro de esta marca.",35,4
2026-05-28 11:19:35.308801,Bolívar,Aceites,197.62513005921815,120.40600357238839,77.21912648682977,3.6871190222992163,"Pésima calidad, vino abierto el empaque.",46,9
2026-06-11 11:19:35.308801,Sayón,Aceites,128.82639053657206,81.90596796411363,46.920422572458435,5.0998128039414095,El aceite Primor rinde muchísimo.,30,6
2026-06-20 11:19:35.308801,Blanca Flor,Harinas,88.81047657362049,58.73573861355713,30.07473796006336,4.292738367578171,"Muy buen producto, siempre compro de esta marca.",46,1
2026-04-26 11:19:35.308801,Casino,Detergentes,259.8947371580538,176.11904645609673,83.77569070195705,4.834931592479291,Muy caro para lo que ofrece.,37,1
2026-06-24 11:19:35.308801,Don Vittorio,Fideos,92.97774593715667,62.04772437063352,30.930021566523152,5.505564436685274,"Pésima calidad, vino abierto el empaque.",33,6
2026-07-12 11:19:35.308801,Primor,Harinas,92.3781229596643,41.075820662868146,51.30230229679615,6.1661482264288665,El detergente no quitó las manchas.,60,4
2026-06-24 11:19:35.308801,Don Vittorio,Harinas,245.08285855673108,124.22532354317833,120.85753501355275,2.6350427872772086,Me encanta Blanca Flor para mis postres.,39,2
2025-10-03 11:19:35.308801,Sayón,Harinas,128.44366317829417,51.672575935596,76.77108724269817,1.8923713536622793,Excelente sabor de las galletas.,60,8
2026-07-01 11:19:35.308801,Bolívar,Aceites,60.02375060143359,40.170985575949274,19.852765025484317,5.106469771449172,El detergente no quitó las manchas.,36,2
2026-03-31 11:19:35.308801,Don Vittorio,Chocolates,188.22590099738957,120.78612491262375,67.43977608476582,6.132065934473293,Muy caro para lo que ofrece.,56,1
2026-01-31 11:19:35.308801,Primor,Fideos,237.82787854207652,106.94501994119909,130.88285860087743,2.3198237891415183,El detergente no quitó las manchas.,46,9
2026-06-12 11:19:35.308801,Bolívar,Harinas,155.25204525209747,79.5965523399207,75.65549291217677,4.884576529735483,"Cumple su función, precio razonable.",43,6
2025-09-30 11:19:35.308801,Casino,Detergentes,194.33503238491627,133.40656191219506,60.928470472721216,3.656586767348678,Me encanta Blanca Flor para mis postres.,29,6
2025-12-20 11:19:35.308801,Bolívar,Galletas,129.70224198314065,62.61704556027076,67.0851964228699,2.8464107234455125,"Pésima calidad, vino abierto el empaque.",54,6
2026-04-24 11:19:35.308801,Don Vittorio,Chocolates,170.18415814088436,82.79420333693373,87.38995480395063,1.5523625796817337,"Pésima calidad, vino abierto el empaque.",56,9
2026-06-20 11:19:35.308801,Casino,Detergentes,155.58044339502666,94.1093828712403,61.47106052378636,7.450178121079163,"Pésima calidad, vino abierto el empaque.",55,7
2026-04-17 11:19:35.308801,Bolívar,Harinas,227.06333557661844,105.99604556400635,121.06729001261209,2.7253804890976334,Excelente sabor de las galletas.,41,4
2025-12-17 11:19:35.308801,Don Vittorio,Fideos,197.0667000815896,116.15387562100597,80.91282446058364,2.7336968942319464,"Pésima calidad, vino abierto el empaque.",41,3
2025-10-19 11:19:35.308801,Primor,Chocolates,188.97487632678468,121.28096317647581,67.69391315030887,4.821605246402715,El aceite Primor rinde muchísimo.,51,7
2026-02-14 11:19:35.308801,Don Vittorio,Galletas,68.53267551797404,28.91804452902569,39.61463098894835,1.5656926329726508,"Pésima calidad, vino abierto el empaque.",32,6
2026-01-04 11:19:35.308801,Casino,Galletas,136.46497709711926,67.56130396253143,68.90367313458783,5.651580725394841,"Pésima calidad, vino abierto el empaque.",53,7
2026-02-06 11:19:35.308801,Primor,Chocolates,145.63799362158917,87.29845280195124,58.33954081963793,4.536073413371023,"Pésima calidad, vino abierto el empaque.",23,7
2026-06-23 11:19:35.308801,Bolívar,Galletas,198.14743773814612,122.87807758890558,75.26936014924054,3.677512139766374,Excelente sabor de las galletas.,36,4
2026-04-18 11:19:35.308801,Blanca Flor,Galletas,121.19616245286026,59.81644332989203,61.37971912296823,7.928007006051802,"Cumple su función, precio razonable.",53,1
2025-10-15 11:19:35.308801,Don Vittorio,Fideos,202.6977440138753,105.57158935340894,97.12615466046637,3.3934656418842732,Excelente sabor de las galletas.,48,4
2026-03-15 11:19:35.308801,Bolívar,Chocolates,162.1839100813461,93.35394685212117,68.82996322922494,4.477283239912773,"Muy buen producto, siempre compro de esta marca.",31,1
2026-04-10 11:19:35.308801,Blanca Flor,Detergentes,232.72225357028003,94.7162583743775,138.00599519590253,2.7973737810549513,"Muy buen producto, siempre compro de esta marca.",29,2
2026-02-16 11:19:35.308801,Primor,Galletas,132.129013795007,89.00590751382742,43.12310628117959,3.5579558038476384,Excelente sabor de las galletas.,22,3
2025-09-10 11:19:35.308801,Casino,Aceites,145.80711790079198,82.63358609915815,63.17353180163383,5.580333608578855,Muy caro para lo que ofrece.,47,9
2026-01-23 11:19:35.308801,Primor,Chocolates,162.9297845965682,72.17878349461769,90.75100110195051,2.627480917706603,"Muy buen producto, siempre compro de esta marca.",41,4
2025-12-18 11:19:35.308801,Bolívar,Aceites,161.44816777485445,83.15919814128969,78.28896963356476,1.6848136139229593,"Muy buen producto, siempre compro de esta marca.",39,6
2026-02-03 11:19:35.308801,Sayón,Chocolates,174.78040584116374,107.2623761801492,67.51802966101454,6.86274995180148,"Cumple su función, precio razonable.",19,6
2026-06-01 11:19:35.308801,Casino,Galletas,110.92158979494457,71.72931794266985,39.192271852274715,7.594073229954191,El aceite Primor rinde muchísimo.,40,9
2026-05-22 11:19:35.308801,Blanca Flor,Aceites,145.40004620509436,88.34690665193627,57.05313955315809,1.307195560886988,Excelente sabor de las galletas.,18,1
2026-03-08 11:19:35.308801,Primor,Chocolates,74.4828042854755,50.52758182545545,23.955222460020046,6.693482373949567,El detergente no quitó las manchas.,31,3
2026-08-08 11:19:35.308801,Don Vittorio,Chocolates,176.84019844914047,103.56419459833853,73.27600385080194,3.983777769987827,"Cumple su función, precio razonable.",40,6
2025-11-08 11:19:35.308801,Sayón,Fideos,106.46651273155436,61.28062417768187,45.18588855387249,6.377054344935634,"Pésima calidad, vino abierto el empaque.",26,4
2026-06-23 11:19:35.308801,Bolívar,Galletas,196.21852648076634,113.87066916933271,82.34785731143363,3.04247200097273,Excelente sabor de las galletas.,38,5
2026-03-09 11:19:35.308801,Blanca Flor,Fideos,46.539236413410464,24.755531828004386,21.783704585406078,3.6713811344231653,El detergente no quitó las manchas.,61,8
2025-10-27 11:19:35.308801,Casino,Fideos,94.5249503826148,55.72697280880167,38.797977573813135,2.7678529321211314,"Pésima calidad, vino abierto el empaque.",48,7
2026-03-20 11:19:35.308801,Bolívar,Harinas,27.185567070119447,14.647421844183354,12.538145225936093,5.395998429305483,Excelente sabor de las galletas.,24,7
2026-04-07 11:19:35.308801,Bolívar,Galletas,146.64338323907452,81.97690831137294,64.66647492770159,3.060591921313431,El detergente no quitó las manchas.,59,8
2026-05-22 11:19:35.308801,Bolívar,Detergentes,128.84785893321276,80.55462682522372,48.29323210798904,3.484624696877269,Excelente sabor de las galletas.,36,1
2025-11-20 11:19:35.308801,Bolívar,Fideos,99.94880272294458,49.86217020419348,50.086632518751095,4.175640735684355,"Muy buen producto, siempre compro de esta marca.",26,8
2025-12-27 11:19:35.308801,Blanca Flor,Fideos,188.57428306899857,99.417971266614,89.15631180238456,7.759545062846928,Excelente sabor de las galletas.,60,4
2025-11-26 11:19:35.308801,Bolívar,Fideos,89.30577529369486,45.118126081369915,44.18764921232495,4.194246000000929,El aceite Primor rinde muchísimo.,44,5
2025-09-14 11:19:35.308801,Sayón,Harinas,75.40927275517663,46.10491337797872,29.304359377197912,4.872778314504181,Me encanta Blanca Flor para mis postres.,45,1
2025-09-01 11:19:35.308801,Casino,Aceites,121.62962658845692,62.86845325403539,58.76117333442153,6.131834283048101,El detergente no quitó las manchas.,18,7
2026-02-09 11:19:35.308801,Don Vittorio,Detergentes,118.78710796802905,48.74481469761052,70.04229327041853,3.439628435159325,"Pésima calidad, vino abierto el empaque.",48,5
2026-07-07 11:19:35.308801,Blanca Flor,Galletas,146.23884707522697,66.99314232896272,79.24570474626425,9.633493894604364,Excelente sabor de las galletas.,31,8
2025-11-07 11:19:35.308801,Casino,Fideos,130.9837563483655,79.65198589805695,51.33177045030854,2.0845761985540734,Excelente sabor de las galletas.,53,7
2026-04-08 11:19:35.308801,Casino,Detergentes,181.97867269444518,89.73551979337523,92.24315290106995,5.583254356171085,"Pésima calidad, vino abierto el empaque.",60,8
2026-08-17 11:19:35.308801,Primor,Aceites,281.50526266099234,194.70831516886474,86.7969474921276,4.839272522637902,Me encanta Blanca Flor para mis postres.,28,1
2026-02-08 11:19:35.308801,Bolívar,Galletas,142.23543317892975,83.05713207241898,59.17830110651077,4.884079932438594,Muy caro para lo que ofrece.,37,5
2026-03-06 11:19:35.308801,Sayón,Fideos,103.31631971467408,47.094677068483726,56.221642646190354,4.259260446736583,El detergente no quitó las manchas.,34,8
2025-09-15 11:19:35.308801,Primor,Detergentes,129.2016044291756,57.82961507668933,71.37198935248628,5.173773559265173,El detergente no quitó las manchas.,31,9
2025-09-17 11:19:35.308801,Bolívar,Aceites,264.2287445776247,171.1639050105789,93.0648395670458,9.620029241264563,El detergente no quitó las manchas.,22,8
2026-08-08 11:19:35.308801,Don Vittorio,Harinas,30.366724815871166,20.20094160827946,10.165783207591705,4.515555480462291,Muy caro para lo que ofrece.,23,7
2025-12-29 11:19:35.308801,Sayón,Galletas,113.45467959776488,79.00452912544105,34.45015047232383,7.037634819954732,El aceite Primor rinde muchísimo.,24,6
2026-05-20 11:19:35.308801,Blanca Flor,Harinas,132.84573811934834,75.24275821054061,57.602979908807725,10.684296562480176,Me encanta Blanca Flor para mis postres.,55,3
2026-03-19 11:19:35.308801,Blanca Flor,Aceites,81.53943712729155,42.64952898018107,38.88990814711048,4.559171740569997,"Cumple su función, precio razonable.",25,7
2026-06-13 11:19:35.308801,Blanca Flor,Fideos,182.45515322587795,114.95678448682132,67.49836873905663,4.866741108973547,Excelente sabor de las galletas.,18,9
2025-12-05 11:19:35.308801,Sayón,Detergentes,93.20323175632754,50.253846384723126,42.949385371604414,5.680044016494295,"Pésima calidad, vino abierto el empaque.",47,4
2026-06-07 11:19:35.308801,Bolívar,Chocolates,40.78569750207792,18.66708011878149,22.11861738329643,5.279828560127394,Muy caro para lo que ofrece.,37,7
2026-03-08 11:19:35.308801,Primor,Chocolates,152.1137090841276,63.37499256995232,88.73871651417528,3.817073326364168,El detergente no quitó las manchas.,58,4
2026-08-26 11:19:35.308801,Primor,Aceites,189.62067790494228,99.58637929177199,90.0342986131703,11.565620297586342,Me encanta Blanca Flor para mis postres.,64,6
2025-09-16 11:19:35.308801,Sayón,Harinas,148.25034469331572,62.62873043957789,85.62161425373783,5.765955449527767,El detergente no quitó las manchas.,21,2
2026-01-23 11:19:35.308801,Casino,Fideos,94.20885447541875,64.8120811281568,29.39677334726194,14.083836247908817,Me encanta Blanca Flor para mis postres.,35,2
2025-10-02 11:19:35.308801,Blanca Flor,Detergentes,128.2953373128773,66.36834013809161,61.9269971747857,3.0163677986378503,"Pésima calidad, vino abierto el empaque.",45,2
2025-11-20 11:19:35.308801,Casino,Galletas,231.46197122293563,130.77135781659604,100.6906134063396,4.254008909277397,Excelente sabor de las galletas.,52,2
2026-06-27 11:19:35.308801,Sayón,Fideos,166.91022388070547,70.14454662616545,96.76567725454002,2.841131353657786,El detergente no quitó las manchas.,41,9
2025-09-18 11:19:35.308801,Don Vittorio,Fideos,132.9232489071216,65.44910868551067,67.47414022161094,3.0095703588606324,El detergente no quitó las manchas.,45,9
2026-07-02 11:19:35.308801,Don Vittorio,Chocolates,95.83230110821113,52.31049625656092,43.52180485165021,2.9300758365372745,"Muy buen producto, siempre compro de esta marca.",46,8
2026-04-30 11:19:35.308801,Bolívar,Harinas,172.55804770219467,82.73701421269963,89.82103348949504,12.15672971352493,"Cumple su función, precio razonable.",47,1
2026-03-13 11:19:35.308801,Casino,Detergentes,82.86216582098984,51.02054870882629,31.841617112163554,5.180078655121791,Muy caro para lo que ofrece.,20,9
2026-05-22 11:19:35.308801,Primor,Harinas,151.55987254676432,98.70400164715821,52.85587089960612,2.8057459490950576,"Pésima calidad, vino abierto el empaque.",24,8
2026-06-28 11:19:35.308801,Casino,Detergentes,179.87171742352777,79.36451041697127,100.5072070065565,3.375574376502125,Excelente sabor de las galletas.,40,2
2026-06-10 11:19:35.309803,Blanca Flor,Fideos,106.52626857808086,46.72481192460545,59.80145665347541,3.5830343196722945,El detergente no quitó las manchas.,56,9
2026-03-30 11:19:35.309803,Bolívar,Harinas,96.49074993200648,50.33345576764763,46.15729416435885,7.5460280003503275,Muy caro para lo que ofrece.,56,5
2025-09-27 11:19:35.309803,Casino,Galletas,116.98643651888298,61.32451175278162,55.661924766101365,3.0674377096516654,Me encanta Blanca Flor para mis postres.,24,8
2025-12-25 11:19:35.309803,Don Vittorio,Detergentes,146.15452124084058,100.3378457011244,45.81667553971619,5.357339720816789,"Pésima calidad, vino abierto el empaque.",38,7
2026-08-25 11:19:35.309803,Blanca Flor,Galletas,134.79641392387296,81.68258200089566,53.1138319229773,3.9891963510468433,Me encanta Blanca Flor para mis postres.,39,8
2026-06-12 11:19:35.309803,Primor,Aceites,172.87473070696825,98.2020474887492,74.67268321821905,8.425779617586146,Muy caro para lo que ofrece.,53,7
2026-03-16 11:19:35.309803,Casino,Fideos,165.85981769740619,82.05079466446595,83.80902303294023,7.311205914429773,El aceite Primor rinde muchísimo.,43,3
2026-01-25 11:19:35.309803,Bolívar,Fideos,163.27161502882797,93.720743585897,69.55087144293097,4.540905674230749,Excelente sabor de las galletas.,64,5
2025-12-13 11:19:35.309803,Primor,Aceites,84.14738867483538,50.09584142827308,34.0515472465623,4.242510301776044,"Cumple su función, precio razonable.",43,5
2025-12-11 11:19:35.309803,Blanca Flor,Fideos,184.68930484386428,75.51321400449848,109.1760908393658,4.259657253388486,El aceite Primor rinde muchísimo.,41,7
2025-10-01 11:19:35.309803,Primor,Fideos,107.20031864165783,70.54306482663918,36.65725381501865,4.465669716948035,"Cumple su función, precio razonable.",40,8
2025-12-25 11:19:35.309803,Bolívar,Harinas,139.57769876648268,81.29994238439292,58.27775638208976,8.589423348135226,Excelente sabor de las galletas.,50,1
2025-11-18 11:19:35.309803,Bolívar,Fideos,103.76204437139123,65.34333774812801,38.41870662326322,6.016026353688031,Me encanta Blanca Flor para mis postres.,58,2
2025-10-23 11:19:35.309803,Don Vittorio,Fideos,192.52848349261458,123.61570797246866,68.91277552014593,3.641225187840714,Excelente sabor de las galletas.,47,2
2026-08-26 11:19:35.309803,Sayón,Harinas,121.99125494196528,64.46133387009081,57.52992107187447,3.0300577946964324,Muy caro para lo que ofrece.,64,8
2026-01-24 11:19:35.309803,Don Vittorio,Galletas,135.4525993703133,56.88370796285062,78.56889140746267,1.8935516049343037,"Cumple su función, precio razonable.",59,8
2025-10-21 11:19:35.309803,Bolívar,Harinas,37.77803866083616,20.264260571222707,17.513778089613453,5.660516522328546,"Pésima calidad, vino abierto el empaque.",37,9
2026-04-01 11:19:35.309803,Primor,Detergentes,199.89703668726153,85.98117123534004,113.91586545192149,5.182459522790022,El detergente no quitó las manchas.,36,3
2026-04-15 11:19:35.309803,Don Vittorio,Fideos,104.13772469202218,52.95108856264505,51.18663612937713,5.15878711326772,Me encanta Blanca Flor para mis postres.,34,6
2026-01-24 11:19:35.309803,Sayón,Chocolates,159.9843895278676,74.99626360399668,84.98812592387091,1.5117640975681672,"Cumple su función, precio razonable.",20,8
2026-05-27 11:19:35.309803,Primor,Galletas,209.50564566189777,138.6912097775846,70.81443588431318,5.008392741105163,Excelente sabor de las galletas.,45,9
2026-01-11 11:19:35.309803,Primor,Aceites,121.43914847785487,52.27019793775918,69.1689505400957,3.694318507731387,"Cumple su función, precio razonable.",64,1
2025-09-19 11:19:35.309803,Blanca Flor,Chocolates,68.86103709307976,32.42324658060695,36.43779051247281,5.560446525683472,El aceite Primor rinde muchísimo.,31,1
2025-12-09 11:19:35.309803,Casino,Detergentes,197.94060436359442,133.32528847124777,64.61531589234664,3.6347161456100836,El detergente no quitó las manchas.,55,5
2026-06-22 11:19:35.309803,Blanca Flor,Harinas,195.41296692829403,99.62328959532238,95.78967733297165,3.334560355089985,Me encanta Blanca Flor para mis postres.,41,5
2025-09-01 11:19:35.309803,Blanca Flor,Chocolates,188.24369684640556,99.00179870099717,89.24189814540838,5.750714280417672,Muy caro para lo que ofrece.,24,3
2026-08-05 11:19:35.309803,Blanca Flor,Detergentes,189.0652059280706,104.45742907584037,84.60777685223024,2.544786840014321,El aceite Primor rinde muchísimo.,62,4
2026-07-27 11:19:35.309803,Casino,Fideos,126.50502752463153,53.00806149325551,73.49696603137602,2.366560693235895,"Muy buen producto, siempre compro de esta marca.",41,5
2026-08-02 11:19:35.309803,Don Vittorio,Galletas,115.34433615355229,79.67684806810963,35.667488085442656,5.037700737058514,"Muy buen producto, siempre compro de esta marca.",41,1
2025-09-22 11:19:35.309803,Primor,Galletas,117.52538177850404,75.21368229513659,42.31169948336745,4.749391443355376,Me encanta Blanca Flor para mis postres.,20,3
2026-03-17 11:19:35.309803,Don Vittorio,Fideos,201.02212274926904,84.77222631515438,116.24989643411466,3.317929020600307,Excelente sabor de las galletas.,30,9
2026-01-30 11:19:35.309803,Bolívar,Chocolates,228.0214319431562,131.40986327573557,96.61156866742061,3.350321642909343,El aceite Primor rinde muchísimo.,31,8
2025-09-17 11:19:35.309803,Casino,Fideos,159.33423623909476,64.68671794519236,94.64751829390241,1.580332943139827,El aceite Primor rinde muchísimo.,39,1
2026-08-06 11:19:35.309803,Bolívar,Harinas,123.24298842591665,67.78158418049665,55.46140424542,3.2881401393945846,El detergente no quitó las manchas.,49,9
2026-03-31 11:19:35.309803,Don Vittorio,Fideos,184.87564694504513,84.29325033358727,100.58239661145787,5.9934357051590315,"Muy buen producto, siempre compro de esta marca.",43,7
2025-10-26 11:19:35.309803,Sayón,Chocolates,159.9988245366116,66.07052606547983,93.92829847113178,8.365026566828062,Muy caro para lo que ofrece.,51,8
2025-11-05 11:19:35.309803,Casino,Harinas,170.830303327698,75.14652243444836,95.68378089324965,4.081780658430999,Excelente sabor de las galletas.,44,1
2026-01-13 11:19:35.309803,Sayón,Aceites,134.11496156356532,71.80090374169095,62.31405782187437,1.8123023800305913,Excelente sabor de las galletas.,31,3
2025-12-25 11:19:35.309803,Bolívar,Detergentes,167.43435450997887,74.07584329877713,93.35851121120174,10.037191944753319,"Pésima calidad, vino abierto el empaque.",46,8
2025-11-28 11:19:35.309803,Bolívar,Detergentes,144.18126955199355,84.51020620981643,59.67106334217712,8.83604819520214,Muy caro para lo que ofrece.,24,4
2026-04-12 11:19:35.309803,Blanca Flor,Galletas,146.73283746302766,89.15125558476203,57.58158187826564,0.9661204739683988,Me encanta Blanca Flor para mis postres.,30,4
2025-11-26 11:19:35.309803,Casino,Fideos,163.7800329967855,80.2651146735691,83.5149183232164,6.117341087136472,"Muy buen producto, siempre compro de esta marca.",32,2
2025-09-13 11:19:35.309803,Don Vittorio,Chocolates,276.28196494074416,156.43177873977777,119.85018620096639,11.025662007942367,Me encanta Blanca Flor para mis postres.,29,8
2026-01-22 11:19:35.309803,Don Vittorio,Chocolates,137.85951271970046,68.89855566191031,68.96095705779015,4.057788983921486,"Cumple su función, precio razonable.",42,8
2026-04-03 11:19:35.309803,Primor,Galletas,91.96335879925428,38.46300846677636,53.50035033247792,2.460689341822952,El aceite Primor rinde muchísimo.,24,6
2025-12-14 11:19:35.309803,Don Vittorio,Harinas,188.8580484473025,80.83365964147528,108.02438880582723,5.550472463748519,El detergente no quitó las manchas.,45,2
2025-10-13 11:19:35.309803,Casino,Fideos,278.911312606823,158.1743599173369,120.73695268948612,4.864114994260736,Muy caro para lo que ofrece.,24,6
2026-06-28 11:19:35.309803,Blanca Flor,Detergentes,137.2864335056688,85.6835502102734,51.602883295395415,5.309253240421921,"Pésima calidad, vino abierto el empaque.",43,2
2026-02-28 11:19:35.309803,Bolívar,Galletas,207.92018994567064,88.17516973806434,119.7450202076063,2.2540549636856206,El detergente no quitó las manchas.,23,3
2026-04-25 11:19:35.309803,Casino,Detergentes,156.58311123434646,77.86773618122062,78.71537505312584,6.1879651391715695,Muy caro para lo que ofrece.,24,2
2026-04-26 11:19:35.309803,Primor,Detergentes,208.87154989884385,88.05066509365321,120.82088480519064,4.656077184467002,Excelente sabor de las galletas.,33,3
2026-07-16 11:19:35.309803,Casino,Harinas,192.60088973743012,116.63752834970556,75.96336138772456,3.418052405872454,Me encanta Blanca Flor para mis postres.,40,6
2026-01-09 11:19:35.309803,Primor,Harinas,137.017184785792,71.69924875719306,65.31793602859895,3.893536119904079,Me encanta Blanca Flor para mis postres.,37,4
2026-01-17 11:19:35.309803,Don Vittorio,Detergentes,153.96696896634242,90.60742538082206,63.359543585520356,5.603174109257671,El aceite Primor rinde muchísimo.,31,9
2026-06-21 11:19:35.309803,Don Vittorio,Detergentes,115.35700303246242,79.96548013865377,35.39152289380864,5.25766549015193,"Cumple su función, precio razonable.",48,4
2025-11-08 11:19:35.309803,Casino,Harinas,176.2849601905578,84.4432472438386,91.8417129467192,11.545168146989653,Excelente sabor de las galletas.,29,9
2025-11-30 11:19:35.309803,Casino,Galletas,141.3449828525933,60.62075101394766,80.72423183864564,2.6915346966595313,"Pésima calidad, vino abierto el empaque.",46,9
2025-12-09 11:19:35.309803,Blanca Flor,Aceites,150.19702044915743,98.08860508862287,52.108415360534565,4.541729972339599,"Cumple su función, precio razonable.",56,4
2025-12-29 11:19:35.309803,Bolívar,Aceites,135.1777916039516,65.12644762250797,70.05134398144362,5.134299747436434,"Cumple su función, precio razonable.",26,1
2025-12-01 11:19:35.309803,Primor,Fideos,149.58615855495262,89.70511211927227,59.88104643568035,2.0338675795687546,"Pésima calidad, vino abierto el empaque.",40,8
2026-02-16 11:19:35.309803,Primor,Chocolates,139.02891554298168,73.1486363961621,65.88027914681957,4.928636259334566,Excelente sabor de las galletas.,21,7
2025-09-10 11:19:35.309803,Sayón,Fideos,206.79222709148894,144.47393770725003,62.31828938423891,3.075783579319827,"Cumple su función, precio razonable.",53,1
2026-07-13 11:19:35.309803,Casino,Chocolates,284.52678174796915,196.3292117316147,88.19757001635446,7.248684090785801,"Cumple su función, precio razonable.",64,5
2026-08-22 11:19:35.309803,Blanca Flor,Detergentes,113.06333446837994,70.14095276962767,42.92238169875226,3.583837573901094,El aceite Primor rinde muchísimo.,40,9
2026-07-21 11:19:35.309803,Don Vittorio,Detergentes,132.7951845873784,67.03127789423796,65.76390669314044,7.9716495071842735,El aceite Primor rinde muchísimo.,54,5
2026-07-20 11:19:35.309803,Primor,Harinas,199.19695458963713,120.65592756249534,78.5410270271418,5.581190011226562,El detergente no quitó las manchas.,62,1
2025-11-25 11:19:35.309803,Don Vittorio,Detergentes,238.11400265775893,106.35300569039488,131.76099696736406,2.2478792599886095,Me encanta Blanca Flor para mis postres.,44,3
2026-03-24 11:19:35.309803,Don Vittorio,Fideos,219.36304872099936,138.9456076174612,80.41744110353815,4.798450649945346,El aceite Primor rinde muchísimo.,42,2
2026-07-31 11:19:35.309803,Primor,Fideos,159.766910747152,93.94106518356155,65.82584556359045,18.32240804045357,Muy caro para lo que ofrece.,48,1
2026-01-23 11:19:35.309803,Blanca Flor,Fideos,131.479196355841,83.17326808304965,48.30592827279135,4.88705637869485,"Pésima calidad, vino abierto el empaque.",32,4
2025-09-07 11:19:35.309803,Casino,Harinas,5.005866284762618,2.3665767052232853,2.6392895795393327,6.223071571183465,"Cumple su función, precio razonable.",58,3
2026-06-21 11:19:35.309803,Sayón,Galletas,200.2684930609204,97.90023007708614,102.36826298383427,5.211418018811136,Excelente sabor de las galletas.,47,9
2026-01-18 11:19:35.309803,Primor,Harinas,210.10768140063652,143.4629511260655,66.64473027457103,7.477109076137214,Excelente sabor de las galletas.,51,3
2026-06-13 11:19:35.309803,Sayón,Aceites,107.87770399589303,55.23478540235155,52.64291859354148,2.1171917863159386,Me encanta Blanca Flor para mis postres.,41,5
2026-02-07 11:19:35.309803,Don Vittorio,Harinas,101.40174874112513,63.817917568627564,37.58383117249757,6.9997397444121034,"Cumple su función, precio razonable.",39,5
2026-07-22 11:19:35.309803,Casino,Harinas,112.63034866187691,77.65843202296085,34.971916638916056,6.732444152723886,El detergente no quitó las manchas.,63,3
2026-07-02 11:19:35.309803,Blanca Flor,Detergentes,181.6936017686349,96.85496164235617,84.83864012627872,6.038438908555192,"Muy buen producto, siempre compro de esta marca.",26,2
2026-06-27 11:19:35.309803,Sayón,Chocolates,147.89525873005095,82.69042023317066,65.2048384968803,9.800689217505399,Me encanta Blanca Flor para mis postres.,31,1
2025-09-22 11:19:35.309803,Blanca Flor,Aceites,152.95830492611077,64.28219525166969,88.67610967444108,4.510798717133405,"Pésima calidad, vino abierto el empaque.",45,1
2026-05-22 11:19:35.309803,Don Vittorio,Galletas,171.32695048203212,113.75311771354431,57.573832768487804,5.531009577255374,"Muy buen producto, siempre compro de esta marca.",40,7
2025-10-17 11:19:35.309803,Blanca Flor,Galletas,145.74783155087817,87.40497075084416,58.34286080003402,3.94652920999463,El detergente no quitó las manchas.,22,9
2026-02-13 11:19:35.309803,Blanca Flor,Aceites,67.45449025154817,30.876817988004074,36.57767226354409,8.805955245773495,Excelente sabor de las galletas.,56,8
2025-11-05 11:19:35.309803,Don Vittorio,Harinas,117.4283398374296,48.060665913052,69.36767392437761,11.658871706437802,"Muy buen producto, siempre compro de esta marca.",27,2
2026-02-11 11:19:35.309803,Don Vittorio,Chocolates,5.253482965330903,2.6130131332182156,2.6404698321126876,3.667192041576451,Me encanta Blanca Flor para mis postres.,18,4
2026-04-08 11:19:35.309803,Don Vittorio,Galletas,129.98735438705376,68.70359964668246,61.28375474037129,5.576154528059496,El detergente no quitó las manchas.,34,8
2026-06-19 11:19:35.309803,Primor,Galletas,75.73199905621448,36.22391717147397,39.508081884740506,5.213306852405013,Me encanta Blanca Flor para mis postres.,51,8
2025-10-13 11:19:35.309803,Bolívar,Aceites,191.89415812677373,105.84180228264363,86.0523558441301,4.317360971783158,El detergente no quitó las manchas.,26,3
2026-07-17 11:19:35.309803,Primor,Galletas,246.4723003243936,164.27300516723548,82.1992951571581,3.0729558805912864,El detergente no quitó las manchas.,63,9
2026-04-09 11:19:35.309803,Sayón,Chocolates,126.34768512474217,63.884441814059024,62.46324331068315,3.6981194496768066,Muy caro para lo que ofrece.,54,8
2026-07-20 11:19:35.309803,Don Vittorio,Galletas,171.76585128955034,96.07837344040647,75.68747784914387,4.580463681528182,"Cumple su función, precio razonable.",51,2
2026-01-01 11:19:35.309803,Bolívar,Harinas,92.81609863736969,64.7891159297905,28.026982707579194,5.623755247375718,Muy caro para lo que ofrece.,54,2
2025-10-02 11:19:35.309803,Sayón,Chocolates,110.32656584781725,54.25507477445106,56.07149107336619,3.5828167260443804,"Pésima calidad, vino abierto el empaque.",52,8
2026-01-23 11:19:35.309803,Casino,Fideos,173.6322814735162,86.47313593500544,87.15914553851076,3.4883147882674903,"Pésima calidad, vino abierto el empaque.",26,3
2025-11-15 11:19:35.309803,Blanca Flor,Harinas,250.78620597368496,143.74436117749983,107.04184479618513,3.9920122862118426,El detergente no quitó las manchas.,43,9
2025-09-05 11:19:35.309803,Don Vittorio,Detergentes,117.64841554568116,70.69124737328173,46.957168172399435,14.593462020012081,"Pésima calidad, vino abierto el empaque.",29,3
2026-08-05 11:19:35.309803,Casino,Detergentes,144.3543374400572,64.44240575434966,79.91193168570754,5.272894068727085,El aceite Primor rinde muchísimo.,57,5
2025-10-26 11:19:35.309803,Sayón,Chocolates,122.29141189282194,84.19463739606717,38.096774496754776,1.303104067345232,El aceite Primor rinde muchísimo.,38,6
2025-11-19 11:19:35.309803,Bolívar,Galletas,121.45086129540393,70.41689214895437,51.03396914644955,3.3831003485218156,El aceite Primor rinde muchísimo.,26,3
2025-10-05 11:19:35.309803,Blanca Flor,Galletas,207.4604614900735,123.17927972623248,84.28118176384102,8.086576796808902,El detergente no quitó las manchas.,59,6
2025-10-13 11:19:35.309803,Sayón,Galletas,156.61197470239077,69.17427340878623,87.43770129360453,5.569920102377564,"Muy buen producto, siempre compro de esta marca.",36,4
2025-12-20 11:19:35.309803,Casino,Detergentes,197.1102078168708,96.60462072714871,100.50558708972208,5.890551506315565,Muy caro para lo que ofrece.,48,4
2026-03-20 11:19:35.309803,Casino,Aceites,111.59901266286789,59.94592926747267,51.65308339539522,3.7995882527901252,El detergente no quitó las manchas.,31,5
2026-08-07 11:19:35.309803,Don Vittorio,Harinas,176.2210723443554,121.54351985757076,54.67755248678465,2.407135474697918,"Cumple su función, precio razonable.",45,1
2026-08-12 11:19:35.309803,Blanca Flor,Chocolates,211.84780789290053,107.62743109284762,104.22037680005292,5.515301124700993,Me encanta Blanca Flor para mis postres.,53,7
2025-12-16 11:19:35.309803,Bolívar,Detergentes,110.52704381134228,45.006405316987,65.52063849435528,3.180419807803789,El aceite Primor rinde muchísimo.,42,2
2026-02-12 11:19:35.309803,Casino,Chocolates,203.72504178084586,96.17808429493087,107.54695748591499,4.511638995529845,El aceite Primor rinde muchísimo.,51,6
2025-12-29 11:19:35.309803,Sayón,Aceites,128.8258978294389,75.67597331494177,53.14992451449713,5.163835481511219,El aceite Primor rinde muchísimo.,27,1
2025-12-02 11:19:35.309803,Primor,Galletas,229.39829682721938,106.76657154207595,122.63172528514343,8.569300727461256,"Cumple su función, precio razonable.",56,6
2026-07-13 11:19:35.309803,Blanca Flor,Aceites,126.29332800725957,78.20299933387759,48.09032867338199,2.1834155086718923,El detergente no quitó las manchas.,39,1
2025-12-28 11:19:35.309803,Bolívar,Fideos,118.93786185533435,62.57367858031023,56.36418327502412,6.087539416106948,Muy caro para lo que ofrece.,60,7
2025-10-28 11:19:35.309803,Primor,Galletas,166.15946246775502,87.79838633879675,78.36107612895827,3.6693445746831754,El detergente no quitó las manchas.,60,3
2026-08-19 11:19:35.309803,Bolívar,Chocolates,226.28875943474793,97.2474418257502,129.04131760899773,2.4046375890872915,"Cumple su función, precio razonable.",38,8
2025-10-14 11:19:35.309803,Sayón,Harinas,108.10473318069629,50.144764431392666,57.95996874930362,3.5452332360744476,Excelente sabor de las galletas.,46,1
2026-05-06 11:19:35.309803,Primor,Fideos,204.3433170868934,93.9599463075128,110.3833707793806,6.014871940657319,Muy caro para lo que ofrece.,35,1
2026-05-26 11:19:35.309803,Sayón,Galletas,166.47794887617948,99.3886986598782,67.08925021630128,3.4391909054662952,Me encanta Blanca Flor para mis postres.,31,9
2026-04-07 11:19:35.309803,Primor,Fideos,160.1820509933718,75.57048081329309,84.61157018007871,5.625567094500495,Excelente sabor de las galletas.,21,6
2025-10-22 11:19:35.309803,Bolívar,Aceites,164.95806266415846,72.4257025414757,92.53236012268276,4.5978175865418045,Excelente sabor de las galletas.,45,3
2025-11-20 11:19:35.309803,Bolívar,Detergentes,249.90448815998928,129.51018212211676,120.39430603787252,4.982606299183717,El detergente no quitó las manchas.,35,5
2026-04-22 11:19:35.309803,Sayón,Chocolates,222.92703212546735,147.7993899579648,75.12764216750256,2.9157584569062287,El aceite Primor rinde muchísimo.,53,6
2026-07-17 11:19:35.309803,Bolívar,Aceites,91.24353020695793,40.1796814530514,51.06384875390653,8.905813410319348,"Pésima calidad, vino abierto el empaque.",55,1
2026-08-01 11:19:35.309803,Don Vittorio,Aceites,127.16298609831875,57.876047034294395,69.28693906402435,3.9666075757026116,El detergente no quitó las manchas.,44,2
2025-12-17 11:19:35.309803,Casino,Detergentes,142.30164475835073,79.12049869702695,63.18114606132379,2.537602913399834,Me encanta Blanca Flor para mis postres.,29,8
2026-04-19 11:19:35.309803,Primor,Aceites,144.55268985325563,94.7139752595114,49.83871459374423,4.583316898417635,Me encanta Blanca Flor para mis postres.,58,9
2025-12-02 11:19:35.309803,Primor,Chocolates,60.415543358978994,35.54236597576001,24.87317738321898,9.674340453898479,Excelente sabor de las galletas.,42,9
2025-11-10 11:19:35.309803,Sayón,Fideos,308.01467119762776,206.5611788604423,101.45349233718545,4.181668677321373,El aceite Primor rinde muchísimo.,62,7
2026-05-06 11:19:35.309803,Don Vittorio,Aceites,175.6040883083069,100.42124294831147,75.18284535999543,2.605863789308696,"Muy buen producto, siempre compro de esta marca.",63,7
2025-10-13 11:19:35.309803,Bolívar,Chocolates,50.494162130193956,29.26477952674421,21.229382603449746,4.403311278777159,El detergente no quitó las manchas.,47,3
2025-10-27 11:19:35.309803,Casino,Harinas,136.51948827832015,63.321064816243684,73.19842346207648,3.8117191487031046,El aceite Primor rinde muchísimo.,41,5
2026-01-19 11:19:35.309803,Bolívar,Harinas,137.75704901275668,80.52959247384413,57.22745653891255,2.1929490414196193,El aceite Primor rinde muchísimo.,22,5
2025-10-21 11:19:35.309803,Bolívar,Detergentes,152.24440380957745,91.36031913223472,60.88408467734273,3.3066983241358074,Muy caro para lo que ofrece.,20,3
2026-04-17 11:19:35.309803,Sayón,Aceites,264.8578014857489,123.24848145377662,141.6093200319723,2.0723810939293954,"Muy buen producto, siempre compro de esta marca.",28,5
2026-03-02 11:19:35.309803,Bolívar,Detergentes,139.228851691044,67.57576330100012,71.65308839004389,10.315786054501888,"Muy buen producto, siempre compro de esta marca.",45,6
2026-07-28 11:19:35.309803,Don Vittorio,Chocolates,179.1689237606983,91.0813029483073,88.08762081239101,3.8259789066785075,"Cumple su función, precio razonable.",21,8
2025-12-13 11:19:35.309803,Don Vittorio,Detergentes,141.21851364927977,59.08707735507536,82.1314362942044,5.428820020678516,"Muy buen producto, siempre compro de esta marca.",48,1
2025-09-02 11:19:35.309803,Blanca Flor,Detergentes,92.85082409843491,56.89783214564396,35.95299195279095,4.226524153795127,El detergente no quitó las manchas.,45,2
2025-10-19 11:19:35.309803,Don Vittorio,Detergentes,160.75410047381158,64.94330958589984,95.81079088791174,1.7000291803575958,"Muy buen producto, siempre compro de esta marca.",19,4
2026-05-16 11:19:35.309803,Don Vittorio,Aceites,150.277941312101,89.06310733119008,61.214833980910925,4.169722205123558,El detergente no quitó las manchas.,38,9
2026-08-14 11:19:35.309803,Casino,Detergentes,160.26743850984636,93.5582063546783,66.70923215516805,5.4088348740794965,Me encanta Blanca Flor para mis postres.,46,2
2025-10-10 11:19:35.309803,Primor,Harinas,149.77390815026266,99.92352093847289,49.850387211789766,3.8628931874235173,Me encanta Blanca Flor para mis postres.,20,7
2026-01-13 11:19:35.309803,Casino,Fideos,198.6006682784933,87.18776861738347,111.41289966110982,4.838568622174498,Me encanta Blanca Flor para mis postres.,26,4
2025-10-12 11:19:35.309803,Sayón,Galletas,148.06143067552216,80.62074583163668,67.44068484388548,6.144306953188787,Me encanta Blanca Flor para mis postres.,42,6
2026-04-13 11:19:35.309803,Sayón,Chocolates,92.91705194981324,46.645513210328694,46.27153873948455,2.375022289476018,Me encanta Blanca Flor para mis postres.,52,1
2026-04-30 11:19:35.309803,Sayón,Aceites,324.29385048371,168.64881454104858,155.64503594266142,9.826974589564706,Muy caro para lo que ofrece.,32,2
2025-10-12 11:19:35.309803,Blanca Flor,Aceites,150.54014319110544,73.86067814339157,76.67946504771388,4.734644333728898,El detergente no quitó las manchas.,47,6
2026-03-07 11:19:35.309803,Primor,Aceites,127.70723404472228,57.70546403778238,70.0017700069399,6.213881289431806,"Pésima calidad, vino abierto el empaque.",61,1
2026-05-30 11:19:35.309803,Sayón,Galletas,212.34686972128299,119.46109658804683,92.88577313323616,7.650280158166827,"Pésima calidad, vino abierto el empaque.",28,3
2026-01-16 11:19:35.309803,Don Vittorio,Chocolates,150.89762747066632,66.60164154134289,84.29598592932344,5.781561208141852,"Muy buen producto, siempre compro de esta marca.",20,3
2025-09-16 11:19:35.309803,Casino,Galletas,174.0096919143495,115.9947803241117,58.0149115902378,3.5096630348120543,Muy caro para lo que ofrece.,30,1
2025-09-19 11:19:35.309803,Bolívar,Galletas,252.70456196115376,117.79525346035395,134.9093085007998,7.872239299630869,"Pésima calidad, vino abierto el empaque.",35,6
2026-01-17 11:19:35.309803,Primor,Harinas,70.50129693321715,37.22132448505551,33.27997244816164,2.4580980363117466,El aceite Primor rinde muchísimo.,58,1
2026-02-25 11:19:35.309803,Bolívar,Chocolates,137.1889287627433,87.02465066797741,50.16427809476589,6.753073966932182,"Cumple su función, precio razonable.",31,3
2025-11-20 11:19:35.309803,Sayón,Harinas,102.45510280961533,62.63588518503355,39.819217624581775,7.154154600236767,El aceite Primor rinde muchísimo.,35,4
2025-12-02 11:19:35.309803,Bolívar,Detergentes,145.2210687100353,59.70686496572561,85.5142037443097,3.067281604222889,Muy caro para lo que ofrece.,56,9
2026-03-16 11:19:35.309803,Bolívar,Galletas,150.4310963589607,89.36133548151227,61.06976087744843,5.829776190320739,"Muy buen producto, siempre compro de esta marca.",48,6
2026-05-24 11:19:35.309803,Casino,Chocolates,135.8895202782653,92.33376793168085,43.555752346584455,4.196492529415909,El detergente no quitó las manchas.,59,7
2026-05-29 11:19:35.309803,Primor,Fideos,151.47785899593967,81.49737086174534,69.98048813419433,2.6347164952124733,"Muy buen producto, siempre compro de esta marca.",29,5
2025-10-12 11:19:35.309803,Don Vittorio,Fideos,114.83368724945058,71.52011484189549,43.313572407555085,4.7575550689617,El aceite Primor rinde muchísimo.,52,4
2026-04-03 11:19:35.309803,Bolívar,Fideos,181.32975225512973,104.59525587237651,76.73449638275322,4.493549411501321,"Cumple su función, precio razonable.",57,4
2026-02-10 11:19:35.309803,Primor,Chocolates,77.15276166453721,39.576871234496764,37.575890430040445,5.8890056384319225,El aceite Primor rinde muchísimo.,38,2
2026-04-18 11:19:35.309803,Primor,Fideos,134.75177613652033,73.76027413554165,60.991502000978684,3.514695748678053,Muy caro para lo que ofrece.,49,2
2026-02-08 11:19:35.309803,Sayón,Chocolates,187.84262773158733,116.54952231181281,71.29310541977452,11.707609751131123,"Muy buen producto, siempre compro de esta marca.",31,8
2026-02-09 11:19:35.309803,Bolívar,Fideos,127.28780826061156,58.42524720205611,68.86256105855544,4.230482321844441,El aceite Primor rinde muchísimo.,24,6
2026-04-07 11:19:35.309803,Blanca Flor,Fideos,156.82830872673347,100.55919275467777,56.2691159720557,3.4969308748375534,Me encanta Blanca Flor para mis postres.,30,5
2026-05-14 11:19:35.309803,Bolívar,Detergentes,205.5849804522196,111.56018728399643,94.02479316822318,10.414626412534338,Muy caro para lo que ofrece.,37,7
2026-08-10 11:19:35.309803,Casino,Galletas,123.06029973596051,50.74560223256044,72.31469750340008,6.46051578771669,"Pésima calidad, vino abierto el empaque.",23,4
2026-01-15 11:19:35.309803,Casino,Chocolates,140.70135523411048,62.98037668155127,77.72097855255922,14.603019996207326,Muy caro para lo que ofrece.,60,5
2026-05-11 11:19:35.309803,Casino,Aceites,147.87500137787345,71.58922865593168,76.28577272194177,2.242248602722821,"Muy buen producto, siempre compro de esta marca.",53,6
2026-05-29 11:19:35.309803,Casino,Galletas,125.36049671069611,59.391872371767185,65.96862433892892,2.2388170025896854,"Muy buen producto, siempre compro de esta marca.",58,3
2025-10-26 11:19:35.309803,Blanca Flor,Fideos,238.82608871609676,108.99745118148591,129.82863753461083,6.301038819634677,"Muy buen producto, siempre compro de esta marca.",36,6
2026-08-10 11:19:35.309803,Bolívar,Detergentes,175.79417310223977,100.23613687344769,75.55803622879208,9.014637882230803,Excelente sabor de las galletas.,50,7
2026-04-05 11:19:35.309803,Blanca Flor,Fideos,245.52339685771517,147.62175485944599,97.90164199826918,3.116405043426739,"Pésima calidad, vino abierto el empaque.",62,3
2026-07-24 11:19:35.309803,Sayón,Aceites,182.3489464533322,102.3399914745122,80.00895497881999,8.965415145077145,"Pésima calidad, vino abierto el empaque.",39,5
2026-08-08 11:19:35.309803,Bolívar,Detergentes,182.17006780830135,109.41076056668086,72.75930724162049,4.206136557286958,El aceite Primor rinde muchísimo.,56,4
2025-12-22 11:19:35.309803,Primor,Fideos,153.8588354599706,93.92355847197898,59.93527698799163,3.9796501658576378,"Cumple su función, precio razonable.",57,5
2026-04-14 11:19:35.309803,Don Vittorio,Chocolates,139.18107126177284,85.27369785493282,53.90737340684002,9.725081327861556,Me encanta Blanca Flor para mis postres.,38,1
2025-10-29 11:19:35.309803,Bolívar,Detergentes,185.28209805307608,93.95981954140262,91.32227851167346,4.8688362272027925,El aceite Primor rinde muchísimo.,23,3
2026-07-23 11:19:35.309803,Blanca Flor,Harinas,80.21203724455394,47.272937035155714,32.93910020939823,4.904555931977966,Me encanta Blanca Flor para mis postres.,19,1
2026-02-17 11:19:35.309803,Blanca Flor,Harinas,120.6575991179852,50.38158161225658,70.27601750572862,4.318719332249538,Me encanta Blanca Flor para mis postres.,39,2
2026-05-01 11:19:35.309803,Casino,Fideos,138.5739344689466,78.51139840988839,60.0625360590582,2.460196361409147,El detergente no quitó las manchas.,36,2
2025-11-20 11:19:35.309803,Bolívar,Chocolates,184.3857497311231,96.77170367467582,87.61404605644728,5.343577188016835,Muy caro para lo que ofrece.,46,1
2025-10-02 11:19:35.309803,Don Vittorio,Harinas,244.27544668727185,154.807662382063,89.46778430520885,5.882611877060662,Excelente sabor de las galletas.,35,8
2025-10-30 11:19:35.309803,Primor,Fideos,161.7179055947205,102.7153392769819,59.0025663177386,4.856543285881424,El aceite Primor rinde muchísimo.,55,4
2026-07-10 11:19:35.309803,Bolívar,Fideos,93.38030815131336,40.83887727002646,52.5414308812869,5.349565783477451,Excelente sabor de las galletas.,23,7
2026-01-12 11:19:35.309803,Bolívar,Chocolates,186.67928784342092,78.31501611074073,108.3642717326802,5.722254836689559,Excelente sabor de las galletas.,21,9
2026-05-19 11:19:35.309803,Bolívar,Aceites,182.34528713354143,126.27210902567128,56.07317810787015,8.829435570226758,"Muy buen producto, siempre compro de esta marca.",42,3
2026-05-25 11:19:35.309803,Casino,Chocolates,187.28715144190625,118.97474175606342,68.31240968584282,5.721424542884978,El aceite Primor rinde muchísimo.,22,2
2025-11-24 11:19:35.309803,Casino,Detergentes,63.9579749998522,42.43108810127646,21.52688689857574,6.556859064364018,El aceite Primor rinde muchísimo.,50,3
2026-03-15 11:19:35.309803,Sayón,Fideos,141.65149481206052,70.36355381243895,71.28794099962157,3.3936507221785024,Excelente sabor de las galletas.,25,3
2025-10-02 11:19:35.309803,Don Vittorio,Harinas,169.56524067025833,84.66255975400688,84.90268091625146,3.9059329233622466,"Pésima calidad, vino abierto el empaque.",24,6
2026-05-06 11:19:35.309803,Sayón,Chocolates,154.41335512207377,89.54761628155798,64.86573884051579,3.9472193752168785,Excelente sabor de las galletas.,33,3
2026-04-29 11:19:35.309803,Blanca Flor,Fideos,115.7264616109059,74.95306238376754,40.773399227138356,4.15360660450825,Muy caro para lo que ofrece.,54,1
2026-07-29 11:19:35.309803,Blanca Flor,Fideos,201.4277511805056,120.4591566419302,80.96859453857539,8.051871318350345,Excelente sabor de las galletas.,61,2
2026-05-30 11:19:35.309803,Casino,Galletas,159.50722546302973,70.1229590383899,89.38426642463983,7.21641673067594,El detergente no quitó las manchas.,38,5
2026-08-14 11:19:35.309803,Don Vittorio,Galletas,90.95392449146664,45.199532504950554,45.75439198651608,5.765654449619453,El detergente no quitó las manchas.,50,6
2026-05-02 11:19:35.309803,Don Vittorio,Fideos,118.0897491439793,70.04487949338278,48.044869650596524,7.235518716118981,"Pésima calidad, vino abierto el empaque.",27,7
2026-02-16 11:19:35.309803,Blanca Flor,Detergentes,243.6285534470296,163.92571207057267,79.70284137645692,4.859666644576416,El aceite Primor rinde muchísimo.,28,1
2026-04-02 11:19:35.309803,Don Vittorio,Chocolates,161.6976898993145,111.80110062107549,49.896589278239006,10.854701382747843,"Muy buen producto, siempre compro de esta marca.",34,7
2026-08-04 11:19:35.309803,Blanca Flor,Detergentes,118.21299327467257,57.58886307643935,60.62413019823322,5.331417228628852,El detergente no quitó las manchas.,49,5
2025-10-05 11:19:35.309803,Don Vittorio,Aceites,192.82207518372115,134.22424311153537,58.59783207218578,5.322916697471313,El detergente no quitó las manchas.,53,6
2026-01-22 11:19:35.309803,Primor,Aceites,107.77988326051161,55.91508791249906,51.86479534801255,4.235585393876047,"Cumple su función, precio razonable.",31,9
2026-03-31 11:19:35.309803,Primor,Fideos,168.65504972108974,104.73784388530929,63.91720583578045,6.647151924652417,El detergente no quitó las manchas.,19,7
2025-10-14 11:19:35.309803,Primor,Fideos,140.64035720387946,96.21640979687751,44.42394740700195,5.003030174231656,"Muy buen producto, siempre compro de esta marca.",22,2
2026-04-28 11:19:35.309803,Casino,Fideos,114.24977400738831,67.07093625670568,47.17883775068263,2.630829810338609,Muy caro para lo que ofrece.,50,1
2026-01-24 11:19:35.309803,Blanca Flor,Aceites,185.92391815126518,126.98769733683545,58.93622081442973,6.220693849256097,"Cumple su función, precio razonable.",51,7
2026-04-01 11:19:35.309803,Blanca Flor,Detergentes,227.98934229864307,141.8766759078757,86.11266639076737,6.341471099874394,"Pésima calidad, vino abierto el empaque.",29,4
2025-12-26 11:19:35.309803,Bolívar,Detergentes,83.3081037676605,42.89011466196803,40.41798910569247,4.997285161679296,Excelente sabor de las galletas.,23,4
2025-10-19 11:19:35.309803,Casino,Detergentes,185.67323066332992,118.41856955207027,67.25466111125965,9.63840426845044,Muy caro para lo que ofrece.,47,9
2025-11-19 11:19:35.309803,Sayón,Detergentes,175.85510911654328,111.65156354475769,64.20354557178558,1.9050839195407627,"Cumple su función, precio razonable.",47,2
2026-07-28 11:19:35.309803,Bolívar,Detergentes,98.57663050441573,59.437787797254906,39.138842707160826,7.497227782731601,"Cumple su función, precio razonable.",38,6
2026-06-28 11:19:35.309803,Casino,Harinas,186.59644309017472,110.49160179374869,76.10484129642603,5.185137590466948,"Pésima calidad, vino abierto el empaque.",63,1
2025-11-21 11:19:35.309803,Casino,Harinas,135.42302611676763,92.29434033072603,43.1286857860416,4.759074122590219,Me encanta Blanca Flor para mis postres.,27,3
2026-06-21 11:19:35.309803,Casino,Fideos,101.96950304033125,47.25146631209707,54.718036728234175,7.816692712475836,El detergente no quitó las manchas.,34,9
2025-10-16 11:19:35.309803,Sayón,Aceites,211.19700529398793,110.35345642384632,100.8435488701416,7.883118313599002,El detergente no quitó las manchas.,34,9
2025-11-20 11:19:35.309803,Don Vittorio,Harinas,79.256742332363,43.12005244332042,36.136689889042586,5.3597869259945785,El aceite Primor rinde muchísimo.,39,5
2026-03-09 11:19:35.309803,Bolívar,Fideos,119.5205674026565,76.3158917049293,43.2046756977272,3.3536427841689234,"Pésima calidad, vino abierto el empaque.",21,2
2026-02-16 11:19:35.309803,Sayón,Aceites,168.17792859693768,95.17756995518181,73.00035864175587,4.823087264953942,Me encanta Blanca Flor para mis postres.,27,5
2026-07-06 11:19:35.309803,Casino,Aceites,198.0893406868882,109.37605392483195,88.71328676205624,1.9074244216930996,El detergente no quitó las manchas.,27,1
2025-12-17 11:19:35.309803,Bolívar,Harinas,125.25643797852817,68.32179207038052,56.934645908147644,7.935776281358198,Excelente sabor de las galletas.,45,7
2026-01-07 11:19:35.309803,Blanca Flor,Harinas,180.18423940666247,105.3462061160864,74.83803329057606,4.518266770443341,"Cumple su función, precio razonable.",47,8
2025-09-19 11:19:35.309803,Sayón,Harinas,147.97651322701626,89.2660649797773,58.71044824723896,9.679563238726752,Me encanta Blanca Flor para mis postres.,23,8
2025-12-15 11:19:35.309803,Sayón,Harinas,145.08315848056358,79.70182479973921,65.38133368082437,2.6963237892853296,Excelente sabor de las galletas.,51,2
2026-08-17 11:19:35.309803,Casino,Galletas,84.86624908049575,52.0083199547652,32.85792912573055,3.194146327707049,"Muy buen producto, siempre compro de esta marca.",25,1
2025-10-17 11:19:35.309803,Primor,Galletas,161.3996813101114,108.25438979360187,53.145291516509516,4.38603541492039,"Cumple su función, precio razonable.",33,6
2026-06-30 11:19:35.309803,Casino,Galletas,67.27523262274339,35.1124867088924,32.16274591385099,6.039784543805547,Excelente sabor de las galletas.,50,5
2026-01-26 11:19:35.309803,Casino,Galletas,75.90292010477974,43.29254719566996,32.61037290910978,8.73968461208933,"Muy buen producto, siempre compro de esta marca.",53,5
2025-12-03 11:19:35.309803,Sayón,Aceites,168.64057194946673,107.386291367647,61.25428058181973,3.650694602793218,El detergente no quitó las manchas.,44,8
2025-09-28 11:19:35.309803,Blanca Flor,Galletas,154.04134961071784,64.6268969089527,89.41445270176514,3.1692166685317407,"Muy buen producto, siempre compro de esta marca.",33,2
2025-11-19 11:19:35.309803,Sayón,Fideos,258.59879803841125,108.56120249832766,150.0375955400836,2.8526607997646143,"Pésima calidad, vino abierto el empaque.",53,5
2025-10-12 11:19:35.309803,Bolívar,Fideos,228.32183994859028,153.51252660640208,74.8093133421882,5.459000356984893,Me encanta Blanca Flor para mis postres.,37,8
2026-01-03 11:19:35.309803,Primor,Harinas,81.0267376184194,33.41014118411331,47.616596434306096,2.1502064439464688,Me encanta Blanca Flor para mis postres.,40,7
2025-09-04 11:19:35.309803,Don Vittorio,Fideos,149.81981121079906,99.98570453290024,49.834106677898816,3.182283286939422,"Pésima calidad, vino abierto el empaque.",33,1
2026-06-21 11:19:35.309803,Sayón,Chocolates,81.54762696042633,32.959243255627314,48.588383704799014,2.6435016747957425,Excelente sabor de las galletas.,18,6
2026-08-26 11:19:35.309803,Casino,Chocolates,204.1673279098116,114.77271206375113,89.39461584606047,4.077373234842057,Excelente sabor de las galletas.,44,3
2026-04-16 11:19:35.309803,Don Vittorio,Galletas,98.56848023867087,46.533340993122735,52.03513924554814,4.504223088129826,"Pésima calidad, vino abierto el empaque.",21,5
2026-02-13 11:19:35.309803,Bolívar,Fideos,154.945290089676,74.68102945444392,80.26426063523209,5.482725611140996,"Pésima calidad, vino abierto el empaque.",22,7
2025-10-14 11:19:35.309803,Casino,Harinas,51.39973707695654,28.80509478135897,22.59464229559757,5.274036716007968,"Cumple su función, precio razonable.",38,2
2025-12-06 11:19:35.309803,Blanca Flor,Harinas,146.42216087660407,88.11658834284879,58.30557253375528,6.0737740865978465,Excelente sabor de las galletas.,56,5
2025-10-06 11:19:35.309803,Don Vittorio,Aceites,165.84923386199733,67.93007473241738,97.91915912957995,3.335815242341604,"Muy buen producto, siempre compro de esta marca.",39,8
2025-10-13 11:19:35.309803,Primor,Galletas,145.05302906825875,59.55255051358428,85.50047855467447,7.0715069606939736,"Pésima calidad, vino abierto el empaque.",57,4
2025-10-01 11:19:35.309803,Primor,Detergentes,149.47396944430562,99.00648475246079,50.46748469184483,3.2178121546241787,Excelente sabor de las galletas.,63,2
2026-01-30 11:19:35.309803,Bolívar,Fideos,144.35634254448075,87.38540477972391,56.97093776475684,4.0489875133220865,"Muy buen producto, siempre compro de esta marca.",64,6
2026-08-30 11:19:35.309803,Bolívar,Harinas,141.3004245167771,74.85567550801434,66.44474900876276,3.1397900245876467,"Cumple su función, precio razonable.",20,9
2026-06-26 11:19:35.309803,Primor,Aceites,254.2983473627324,121.68457762714327,132.61376973558913,5.550037686651297,Excelente sabor de las galletas.,31,5
2026-07-01 11:19:35.309803,Sayón,Chocolates,230.76318321968824,94.71804860285076,136.0451346168375,2.8910676365029877,"Pésima calidad, vino abierto el empaque.",18,8
2026-08-18 11:19:35.309803,Sayón,Galletas,241.24237069934048,117.21702192829108,124.02534877104941,3.016244017282417,El aceite Primor rinde muchísimo.,36,5
2025-10-03 11:19:35.309803,Don Vittorio,Detergentes,125.78666474767417,65.07352005902453,60.713144688649635,4.351751945660159,Excelente sabor de las galletas.,42,5
2025-09-26 11:19:35.309803,Blanca Flor,Fideos,257.9533495392797,138.58790520300138,119.36544433627833,3.6084664864875258,Me encanta Blanca Flor para mis postres.,25,9
2026-02-04 11:19:35.309803,Bolívar,Detergentes,186.52654621446263,95.0108550846059,91.51569112985673,3.4073397419697957,Excelente sabor de las galletas.,18,7
2025-11-05 11:19:35.309803,Sayón,Aceites,206.82990347531532,118.0527759916561,88.77712748365921,3.504549709275825,El detergente no quitó las manchas.,47,3
2026-06-30 11:19:35.309803,Casino,Galletas,226.7800219963756,152.38950348214763,74.39051851422798,3.72246453550162,Me encanta Blanca Flor para mis postres.,40,6
2026-01-11 11:19:35.309803,Blanca Flor,Harinas,167.87649848374127,102.67273761219784,65.20376087154344,14.13782063598583,Excelente sabor de las galletas.,62,1
2026-06-05 11:19:35.309803,Bolívar,Fideos,100.4505566307821,68.73713548296422,31.713421147817883,3.7664302797745894,"Muy buen producto, siempre compro de esta marca.",43,8
2026-07-28 11:19:35.309803,Casino,Chocolates,202.11396453259513,129.61046260431874,72.50350192827639,3.0315101441432812,Excelente sabor de las galletas.,61,9
2026-01-15 11:19:35.309803,Casino,Fideos,156.58725366802744,107.4352278205699,49.15202584745754,7.675725125395772,Me encanta Blanca Flor para mis postres.,36,2
2026-01-11 11:19:35.309803,Bolívar,Detergentes,140.71545177278804,81.9118004077385,58.80365136504955,2.2011889903951003,"Cumple su función, precio razonable.",46,4
2025-12-30 11:19:35.309803,Bolívar,Aceites,117.01389401872882,51.55618555316686,65.45770846556195,6.642600280204375,El aceite Primor rinde muchísimo.,45,3
2026-04-08 11:19:35.309803,Sayón,Galletas,146.46696415800375,73.73000619976172,72.73695795824203,2.478581822678041,Me encanta Blanca Flor para mis postres.,31,8
2026-01-17 11:19:35.309803,Casino,Fideos,120.79871158300205,61.39006380780552,59.40864777519653,3.704485077535071,"Muy buen producto, siempre compro de esta marca.",42,9
2025-09-07 11:19:35.309803,Casino,Chocolates,162.54055618523634,97.72387009371626,64.81668609152008,7.17169727248645,Excelente sabor de las galletas.,44,3
2026-02-08 11:19:35.309803,Casino,Detergentes,-1.523009298904043,-0.9954461132748893,-0.5275631856291536,3.800271707961614,El aceite Primor rinde muchísimo.,23,8
2026-08-05 11:19:35.309803,Bolívar,Detergentes,88.53667863222933,60.50390840146209,28.032770230767234,4.589294226901067,"Cumple su función, precio razonable.",45,3
2026-06-14 11:19:35.309803,Sayón,Harinas,129.49307239083765,66.9674693683451,62.52560302249255,5.016083203034708,"Pésima calidad, vino abierto el empaque.",50,8
2026-02-28 11:19:35.309803,Primor,Harinas,236.57618917396357,162.66373156191094,73.91245761205263,3.8278336006630203,Excelente sabor de las galletas.,59,1
2026-04-30 11:19:35.309803,Casino,Harinas,191.28690844695072,85.79636997275489,105.49053847419583,4.189833997911128,El aceite Primor rinde muchísimo.,59,7
2026-04-05 11:19:35.309803,Casino,Detergentes,197.78016361626052,83.7060828948103,114.07408072145023,4.536530823782829,Excelente sabor de las galletas.,29,1
2026-04-28 11:19:35.309803,Sayón,Harinas,129.52000312036395,86.30807790733974,43.211925213024216,2.8723692079852414,Excelente sabor de las galletas.,52,1
2026-02-20 11:19:35.309803,Primor,Detergentes,129.541364680657,55.29965472256211,74.2417099580949,4.3484928935101275,Me encanta Blanca Flor para mis postres.,34,5
2025-12-05 11:19:35.309803,Don Vittorio,Detergentes,94.35751154826899,56.18147080013062,38.17604074813837,5.898481895126313,El detergente no quitó las manchas.,39,4
2025-12-12 11:19:35.309803,Sayón,Harinas,129.9931310429254,86.11491001922174,43.87822102370366,3.1567363503294907,El detergente no quitó las manchas.,64,8
2025-10-25 11:19:35.309803,Bolívar,Detergentes,135.71388252503587,75.37777266829679,60.336109856739085,3.481722720667067,El aceite Primor rinde muchísimo.,28,5
2025-11-23 11:19:35.309803,Primor,Fideos,113.49530070770194,55.567083031188574,57.92821767651337,5.978062826759555,Muy caro para lo que ofrece.,50,3
2026-03-26 11:19:35.309803,Sayón,Fideos,128.18904590895679,80.58234168039552,47.60670422856127,5.526433326361695,El aceite Primor rinde muchísimo.,28,4
2025-09-26 11:19:35.309803,Blanca Flor,Fideos,102.5974828869389,71.12214533470156,31.47533755223735,3.972921154154179,Excelente sabor de las galletas.,55,6
2026-05-22 11:19:35.309803,Sayón,Chocolates,142.77484132226016,79.47906765991382,63.295773662346335,3.8443121151289916,El detergente no quitó las manchas.,25,3
2025-12-07 11:19:35.309803,Blanca Flor,Detergentes,98.22494069602544,63.69116622417323,34.53377447185221,3.1482852582059877,Muy caro para lo que ofrece.,57,3
2026-02-04 11:19:35.309803,Blanca Flor,Fideos,127.39759163452356,55.426090504274065,71.9715011302495,4.645746310709003,Excelente sabor de las galletas.,21,4
2026-09-01 11:19:35.309803,Primor,Harinas,107.26296225685792,54.349866662707804,52.913095594150114,3.4435427885401007,"Muy buen producto, siempre compro de esta marca.",40,8
2026-01-31 11:19:35.309803,Blanca Flor,Aceites,76.51751713458832,43.46111014979918,33.056406984789135,4.74240843860047,"Cumple su función, precio razonable.",49,4
2026-04-16 11:19:35.309803,Don Vittorio,Fideos,92.55434849336336,57.85988894970374,34.694459543659626,2.95761554822097,"Muy buen producto, siempre compro de esta marca.",20,6
2026-05-28 11:19:35.309803,Primor,Harinas,197.68810571982004,131.5853891180765,66.10271660174354,4.041503043305649,El aceite Primor rinde muchísimo.,59,2
2026-08-02 11:19:35.309803,Bolívar,Aceites,231.98333598616324,159.2387202664518,72.74461571971145,6.571518245347237,El detergente no quitó las manchas.,37,7
2026-05-22 11:19:35.309803,Casino,Aceites,130.51347631384795,65.278362594934,65.23511371891395,8.011114349207508,El aceite Primor rinde muchísimo.,64,8
2025-10-09 11:19:35.309803,Blanca Flor,Chocolates,255.11686585346067,164.29165953820066,90.82520631526,7.286192588592863,"Muy buen producto, siempre compro de esta marca.",47,4
2026-04-16 11:19:35.309803,Don Vittorio,Chocolates,92.32823238750302,53.201634341826576,39.126598045676445,3.741714017142909,El aceite Primor rinde muchísimo.,62,6
2025-09-09 11:19:35.309803,Casino,Harinas,91.21747525818408,58.985021499433884,32.2324537587502,3.2090396772713348,Muy caro para lo que ofrece.,61,9
2025-11-10 11:19:35.309803,Sayón,Chocolates,62.8925299935928,42.06922064478838,20.823309348804422,4.744858614757101,Excelente sabor de las galletas.,64,3
2025-11-03 11:19:35.309803,Sayón,Chocolates,76.70566502118503,45.13619152385953,31.569473497325497,4.584113510880808,"Muy buen producto, siempre compro de esta marca.",25,9
2026-04-14 11:19:35.309803,Casino,Harinas,188.27668487665323,126.28198529614956,61.99469958050368,5.383518783274021,Excelente sabor de las galletas.,58,9
2026-06-06 11:19:35.309803,Primor,Harinas,194.1597447981519,111.94693741504088,82.21280738311103,4.068145301892788,"Pésima calidad, vino abierto el empaque.",38,1
2026-06-28 11:19:35.309803,Blanca Flor,Harinas,169.5022977524305,77.74055690482048,91.76174084761003,3.807341760369075,"Muy buen producto, siempre compro de esta marca.",57,2
2025-09-12 11:19:35.309803,Casino,Fideos,199.43063383946955,92.89375874943714,106.53687509003241,13.628492466905572,"Pésima calidad, vino abierto el empaque.",49,9
2026-01-12 11:19:35.309803,Bolívar,Aceites,206.0759318886776,115.42367407577704,90.65225781290054,7.973675245582286,"Muy buen producto, siempre compro de esta marca.",52,8
2026-04-08 11:19:35.309803,Primor,Galletas,98.97176802174039,53.0655965827545,45.906171438985886,5.706140955013061,Excelente sabor de las galletas.,62,3
2026-04-03 11:19:35.309803,Don Vittorio,Chocolates,178.74502013513893,112.33170265489323,66.4133174802457,10.718816099873795,"Muy buen producto, siempre compro de esta marca.",30,1
2026-06-25 11:19:35.309803,Casino,Fideos,147.09622267054172,60.51026819259409,86.58595447794764,4.769415459967321,"Cumple su función, precio razonable.",52,1
2026-01-19 11:19:35.309803,Blanca Flor,Detergentes,146.3475670683359,63.78169923076919,82.56586783756671,5.5411225544162805,Me encanta Blanca Flor para mis postres.,58,1
2026-02-19 11:19:35.309803,Casino,Chocolates,148.20992184619988,91.32400503557342,56.885916810626455,2.657750900881709,Muy caro para lo que ofrece.,58,2
2026-02-09 11:19:35.309803,Don Vittorio,Harinas,115.55254226719364,63.6309078130919,51.92163445410174,3.96684646253345,"Muy buen producto, siempre compro de esta marca.",43,5
2025-11-28 11:19:35.309803,Casino,Galletas,107.21286960298318,74.58366546166543,32.62920414131774,6.1463920302150905,Excelente sabor de las galletas.,60,9
2026-02-16 11:19:35.309803,Casino,Fideos,259.4765545227898,112.23214468870499,147.24440983408482,5.11983819649991,"Muy buen producto, siempre compro de esta marca.",31,8
2025-10-31 11:19:35.309803,Casino,Aceites,251.68108463230857,110.3837969980412,141.29728763426738,1.952415066539625,"Cumple su función, precio razonable.",32,8
2025-09-19 11:19:35.309803,Casino,Chocolates,235.76927162309008,113.65500211137542,122.11426951171465,3.770099247469628,"Pésima calidad, vino abierto el empaque.",42,1
2025-11-26 11:19:35.309803,Primor,Harinas,201.51861351652798,105.43891011069088,96.0797034058371,3.0817240376734625,"Pésima calidad, vino abierto el empaque.",30,7
2026-09-01 11:19:35.309803,Sayón,Chocolates,101.75929505090855,41.79863616022183,59.960658890686716,4.572972744371914,El detergente no quitó las manchas.,20,1
2026-04-04 11:19:35.309803,Bolívar,Harinas,202.4825002235356,86.48800875955058,115.99449146398501,4.08994515766296,"Pésima calidad, vino abierto el empaque.",60,8
2025-12-23 11:19:35.309803,Don Vittorio,Harinas,192.92045017613052,96.01908164345768,96.90136853267283,4.715891753297977,Excelente sabor de las galletas.,26,4
2025-11-03 11:19:35.309803,Don Vittorio,Fideos,112.55119699293535,66.8439828394932,45.70721415344215,4.239834368214588,El detergente no quitó las manchas.,57,9
2025-10-18 11:19:35.309803,Sayón,Harinas,174.57005203375073,89.75034426564733,84.8197077681034,6.671041554823525,"Muy buen producto, siempre compro de esta marca.",44,8
2026-04-17 11:19:35.309803,Bolívar,Fideos,207.03981149148765,100.54583922623046,106.4939722652572,3.8980137548919207,"Cumple su función, precio razonable.",36,6
2026-05-19 11:19:35.309803,Primor,Harinas,165.19711273645322,104.17420197997028,61.02291075648294,5.148131544424286,Excelente sabor de las galletas.,55,5
2026-01-17 11:19:35.309803,Don Vittorio,Fideos,118.68399826908151,69.44991970772372,49.23407856135779,2.2216048109971966,"Muy buen producto, siempre compro de esta marca.",18,4
2026-04-20 11:19:35.309803,Bolívar,Aceites,99.14821876796802,66.6947984181679,32.45342034980011,2.6641373959556605,"Pésima calidad, vino abierto el empaque.",59,6
2026-03-25 11:19:35.309803,Casino,Detergentes,153.43759547041168,107.28951021452991,46.14808525588177,10.04996345926081,El aceite Primor rinde muchísimo.,42,2
2025-10-11 11:19:35.309803,Blanca Flor,Detergentes,123.88868152056737,82.6389449082111,41.24973661235627,3.4085330639014275,"Cumple su función, precio razonable.",42,4
2025-10-28 11:19:35.309803,Don Vittorio,Aceites,118.68466276375008,65.88994303552013,52.79471972822995,8.300967842471124,Muy caro para lo que ofrece.,49,6
2025-09-22 11:19:35.309803,Blanca Flor,Harinas,234.668169179737,99.77887849571005,134.88929068402695,6.382557035334725,Me encanta Blanca Flor para mis postres.,40,4
2026-08-31 11:19:35.309803,Sayón,Aceites,284.12220982986184,154.71389973158338,129.40831009827846,5.030189934419388,"Pésima calidad, vino abierto el empaque.",33,2
2026-03-04 11:19:35.309803,Primor,Aceites,182.54901934125664,91.57203498010293,90.97698436115371,5.30414237494643,Muy caro para lo que ofrece.,18,1
2026-01-23 11:19:35.309803,Casino,Harinas,181.423884461417,119.52725032849283,61.89663413292418,6.843779104926693,El detergente no quitó las manchas.,54,9
2025-09-16 11:19:35.309803,Bolívar,Chocolates,114.2597143887973,49.5604044983943,64.69930989040301,6.789043966629183,Me encanta Blanca Flor para mis postres.,58,2
2026-07-16 11:19:35.309803,Sayón,Chocolates,107.78082171888877,64.26556566834259,43.515256050546185,1.5575219367218598,"Cumple su función, precio razonable.",53,7
2026-05-21 11:19:35.309803,Casino,Fideos,241.2508530004481,140.31315345481207,100.93769954563604,9.620851792457383,El detergente no quitó las manchas.,57,4
2025-09-19 11:19:35.309803,Casino,Harinas,103.29102631536765,71.14176628286606,32.14926003250159,4.3964628873108085,"Pésima calidad, vino abierto el empaque.",59,5
2026-01-19 11:19:35.309803,Blanca Flor,Detergentes,215.525911404181,129.21728586995468,86.30862553422631,5.690484307442204,Muy caro para lo que ofrece.,61,1
2026-04-30 11:19:35.309803,Sayón,Chocolates,69.85753652952098,43.67909215755388,26.178444371967103,6.406503615467779,Me encanta Blanca Flor para mis postres.,58,8
2026-05-16 11:19:35.309803,Casino,Detergentes,213.21077682432536,141.8887207294376,71.32205609488776,3.6792117098531207,Muy caro para lo que ofrece.,44,4
2025-12-09 11:19:35.309803,Sayón,Harinas,191.2805461497275,111.95383870376624,79.32670744596128,8.958751964389334,Me encanta Blanca Flor para mis postres.,54,2
2026-03-07 11:19:35.309803,Sayón,Harinas,182.76015936745617,95.57073003900966,87.18942932844651,3.515755359110002,El detergente no quitó las manchas.,33,4
2026-06-09 11:19:35.309803,Sayón,Detergentes,234.2047121899195,131.49567332352441,102.70903886639508,4.392039910045205,El aceite Primor rinde muchísimo.,52,8
2026-03-29 11:19:35.309803,Bolívar,Aceites,209.75383568482363,92.8043869039299,116.94944878089373,4.210298005126344,"Muy buen producto, siempre compro de esta marca.",44,6
2026-03-21 11:19:35.309803,Casino,Fideos,130.89552935186887,90.18844959437061,40.70707975749826,19.727349725364135,El aceite Primor rinde muchísimo.,57,4
2026-03-04 11:19:35.309803,Don Vittorio,Harinas,100.66157779672929,40.70794115365253,59.95363664307676,11.027928076771072,"Cumple su función, precio razonable.",45,8
2026-01-23 11:19:35.309803,Casino,Fideos,221.24679047005662,146.66940802523555,74.57738244482107,6.684023333937865,Muy caro para lo que ofrece.,38,3
2026-08-10 11:19:35.309803,Casino,Fideos,106.16492328553663,44.21159165498552,61.95333163055111,2.605553404464257,El aceite Primor rinde muchísimo.,59,7
2026-06-13 11:19:35.309803,Blanca Flor,Detergentes,161.64285404655243,98.32692864954952,63.315925397002914,3.133800803238877,El detergente no quitó las manchas.,45,7
2026-03-29 11:19:35.309803,Sayón,Fideos,101.53053895021779,52.777368702720985,48.753170247496804,5.02604834777698,Excelente sabor de las galletas.,37,7
2026-07-01 11:19:35.309803,Casino,Aceites,129.39600564912615,59.5222907935354,69.87371485559075,3.458530301530173,Excelente sabor de las galletas.,29,8
2026-02-04 11:19:35.309803,Casino,Galletas,246.40079808774914,127.43385500452322,118.96694308322591,5.111628407390574,Muy caro para lo que ofrece.,25,5
2026-03-27 11:19:35.309803,Blanca Flor,Chocolates,154.7565855257974,77.55361627193241,77.20296925386498,7.837232902979278,"Muy buen producto, siempre compro de esta marca.",34,9
2026-04-19 11:19:35.309803,Casino,Detergentes,197.19168360613762,97.73280408720483,99.45887951893279,2.210212883626183,"Muy buen producto, siempre compro de esta marca.",30,9
2026-02-25 11:19:35.309803,Primor,Chocolates,151.11319052271563,98.19181981125342,52.9213707114622,3.6422582408912816,"Muy buen producto, siempre compro de esta marca.",22,6
2025-12-17 11:19:35.309803,Casino,Detergentes,115.92234789161735,63.10721153849076,52.81513635312659,3.1908557413453855,El detergente no quitó las manchas.,53,8
2025-10-21 11:19:35.309803,Primor,Aceites,101.88629275442463,59.28990442467885,42.59638832974578,4.53367643122008,"Muy buen producto, siempre compro de esta marca.",22,4
2026-07-12 11:19:35.309803,Casino,Galletas,166.2512080315813,84.43580449182518,81.81540353975613,4.217900261241846,"Pésima calidad, vino abierto el empaque.",33,9
2025-11-16 11:19:35.309803,Primor,Detergentes,164.8416910372095,111.42045599815931,53.42123503905019,3.9751234002485614,Muy caro para lo que ofrece.,48,8
2025-10-22 11:19:35.309803,Sayón,Harinas,215.1440220741323,137.1079449010755,78.03607717305678,2.4471570950895996,El aceite Primor rinde muchísimo.,40,9
2026-08-26 11:19:35.309803,Bolívar,Harinas,153.480183882501,78.361985337725,75.11819854477599,5.305130284876449,El aceite Primor rinde muchísimo.,25,9
2026-03-31 11:19:35.309803,Blanca Flor,Aceites,209.18384362178728,121.65292265902447,87.5309209627628,5.555414058303663,"Pésima calidad, vino abierto el empaque.",62,6
2026-01-12 11:19:35.309803,Bolívar,Aceites,166.27107052518775,94.03425797680002,72.23681254838773,6.977636920087335,"Muy buen producto, siempre compro de esta marca.",45,3
2025-09-03 11:19:35.309803,Don Vittorio,Chocolates,138.2990111165812,95.87498160834662,42.42402950823458,12.892684353314179,El detergente no quitó las manchas.,29,8
2026-04-13 11:19:35.309803,Primor,Galletas,118.26728265252825,65.91104135345437,52.356241299073886,5.613680545489276,Muy caro para lo que ofrece.,18,5
2026-03-25 11:19:35.309803,Primor,Harinas,117.11762262919967,61.77906420988619,55.338558419313486,3.2614651453817216,Me encanta Blanca Flor para mis postres.,54,7
2026-02-09 11:19:35.309803,Blanca Flor,Detergentes,150.4373995936755,94.22288477024398,56.21451482343153,3.091927831046288,Excelente sabor de las galletas.,45,6
2025-11-23 11:19:35.309803,Bolívar,Galletas,159.52761932135132,105.5666472741948,53.96097204715652,2.765886701157437,El aceite Primor rinde muchísimo.,20,5
2026-07-07 11:19:35.309803,Bolívar,Chocolates,195.65627987998954,117.46680700024106,78.18947287974848,2.0975012977121725,Excelente sabor de las galletas.,60,7
2025-12-20 11:19:35.309803,Blanca Flor,Fideos,76.0505615683275,32.783440497459985,43.26712107086751,9.368177956502217,"Muy buen producto, siempre compro de esta marca.",51,9
2026-08-30 11:19:35.309803,Sayón,Chocolates,102.96232734925175,71.68319564565343,31.279131703598324,7.2040105189631225,El aceite Primor rinde muchísimo.,51,5
2026-02-06 11:19:35.309803,Casino,Fideos,186.1325604990008,127.48675840130836,58.645802097692425,2.9213322864767353,El aceite Primor rinde muchísimo.,54,1
2026-08-21 11:19:35.309803,Casino,Fideos,173.66395901118847,103.52137858723911,70.14258042394935,11.022634186562,Excelente sabor de las galletas.,53,8
2026-03-23 11:19:35.309803,Don Vittorio,Chocolates,159.4600265617467,106.96707821753971,52.492948344206994,9.481380074279688,"Cumple su función, precio razonable.",36,4
2026-05-14 11:19:35.309803,Sayón,Galletas,209.68596479373502,122.36926219719136,87.31670259654366,3.0058833656697552,"Pésima calidad, vino abierto el empaque.",29,8
2026-06-20 11:19:35.309803,Casino,Aceites,123.66487138513416,53.13388368473356,70.5309877004006,6.221770313593736,Muy caro para lo que ofrece.,29,7
2025-12-12 11:19:35.309803,Primor,Fideos,69.54809819338409,45.43040538676285,24.117692806621243,1.7060430339796901,Muy caro para lo que ofrece.,56,8
2026-08-14 11:19:35.309803,Primor,Chocolates,221.70769794213152,141.72594948314395,79.98174845898757,3.5188317270640055,Muy caro para lo que ofrece.,26,3
2026-08-05 11:19:35.309803,Primor,Fideos,162.0357637031293,90.01631207995175,72.01945162317756,3.3011871639730486,Muy caro para lo que ofrece.,56,7
2026-06-27 11:19:35.309803,Primor,Galletas,265.6118571854872,135.811836192079,129.80002099340822,3.150834441190251,"Muy buen producto, siempre compro de esta marca.",45,5
2025-12-27 11:19:35.309803,Casino,Chocolates,132.19475898010927,91.97810488517602,40.21665409493325,3.7180774801527288,Me encanta Blanca Flor para mis postres.,39,9
2026-06-11 11:19:35.309803,Primor,Galletas,155.59916283292776,99.74898306082832,55.85017977209944,4.637576557446681,El aceite Primor rinde muchísimo.,50,4
2026-03-27 11:19:35.309803,Casino,Galletas,205.49709131863384,104.51819545875169,100.97889585988214,4.834045362201734,El detergente no quitó las manchas.,44,3
2026-03-08 11:19:35.309803,Casino,Detergentes,82.8055794765777,51.15310478460936,31.652474691968344,7.245741218908794,Excelente sabor de las galletas.,27,6
2026-02-17 11:19:35.309803,Blanca Flor,Aceites,251.3639130121373,117.72953951298918,133.63437349914813,3.092475657017988,Me encanta Blanca Flor para mis postres.,23,1
2026-06-16 11:19:35.309803,Sayón,Harinas,147.8201924039671,62.243407322531205,85.5767850814359,3.079911939981194,Muy caro para lo que ofrece.,22,1
2025-11-11 11:19:35.309803,Sayón,Detergentes,144.76158521916636,91.80070365452937,52.96088156463699,5.373544952836329,El detergente no quitó las manchas.,59,5
2025-11-28 11:19:35.309803,Don Vittorio,Detergentes,110.86907952773079,48.00808593566963,62.86099359206116,4.6984236530798125,Me encanta Blanca Flor para mis postres.,31,2
2026-06-19 11:19:35.309803,Casino,Aceites,137.0093293755387,66.27891413880789,70.7304152367308,4.5049607941067515,"Muy buen producto, siempre compro de esta marca.",44,6
2026-01-18 11:19:35.309803,Casino,Galletas,116.78374014856996,79.93459873652728,36.849141412042684,5.309738545002107,"Cumple su función, precio razonable.",64,4
2026-07-12 11:19:35.309803,Bolívar,Harinas,200.69924018876765,120.2218104750866,80.47742971368105,5.212681644087368,El detergente no quitó las manchas.,33,5
2025-10-25 11:19:35.309803,Blanca Flor,Detergentes,128.2187150161212,61.18936140360808,67.02935361251312,2.2920307118856678,"Cumple su función, precio razonable.",42,8
2026-04-30 11:19:35.309803,Bolívar,Fideos,34.6032697952829,24.06491337859319,10.538356416689709,3.5560379121356736,Muy caro para lo que ofrece.,59,3
2026-04-29 11:19:35.309803,Blanca Flor,Aceites,145.77897274369982,70.44792464791331,75.33104809578651,4.770462239119564,El detergente no quitó las manchas.,61,2
2026-08-21 11:19:35.309803,Primor,Aceites,97.43707643325646,57.14511230346022,40.29196412979624,5.292714760893594,Muy caro para lo que ofrece.,46,8
2025-11-25 11:19:35.309803,Casino,Chocolates,184.04877784910917,120.82885442651762,63.21992342259155,2.6783658495753495,El detergente no quitó las manchas.,34,9
2026-06-08 11:19:35.309803,Don Vittorio,Detergentes,159.16761883560727,97.75598867833676,61.41163015727051,3.143658032061872,Muy caro para lo que ofrece.,30,1
2026-08-13 11:19:35.309803,Bolívar,Aceites,232.62671325236641,132.57723265847918,100.04948059388724,6.176433125099214,Excelente sabor de las galletas.,41,6
2025-11-01 11:19:35.309803,Bolívar,Harinas,150.3190209975397,62.29867739144889,88.0203436060908,2.570097325412229,"Muy buen producto, siempre compro de esta marca.",64,7
2025-12-23 11:19:35.309803,Casino,Galletas,71.86022867154193,42.66203120934709,29.19819746219484,3.089155743901779,"Pésima calidad, vino abierto el empaque.",64,7
2025-09-04 11:19:35.309803,Casino,Detergentes,141.11330848833578,79.64235438818878,61.470954100147,4.325789422278548,El detergente no quitó las manchas.,19,7
2026-03-10 11:19:35.309803,Sayón,Chocolates,133.92767995284328,70.50446931058916,63.42321064225412,2.3723006226294605,Me encanta Blanca Flor para mis postres.,48,1
2026-03-29 11:19:35.309803,Primor,Fideos,160.67855796743459,90.07015075342134,70.60840721401324,4.939032303214257,"Pésima calidad, vino abierto el empaque.",22,7
2026-02-07 11:19:35.309803,Primor,Fideos,125.37383814432542,82.02309140854402,43.3507467357814,3.264122917531453,El detergente no quitó las manchas.,47,5
2026-01-07 11:19:35.309803,Sayón,Chocolates,162.81604781197495,101.3340162395366,61.48203157243836,4.629798373077315,El detergente no quitó las manchas.,42,5
2026-01-20 11:19:35.309803,Don Vittorio,Fideos,135.6183574386316,88.22103588670207,47.39732155192952,4.9390214017424015,"Muy buen producto, siempre compro de esta marca.",46,5
2026-01-03 11:19:35.309803,Blanca Flor,Harinas,260.59139464458906,163.92619340824817,96.66520123634089,6.393759886298508,Me encanta Blanca Flor para mis postres.,57,8
2026-07-15 11:19:35.309803,Blanca Flor,Galletas,85.49137980041436,39.04251476568742,46.44886503472694,2.095506871803106,"Cumple su función, precio razonable.",39,9
2026-04-14 11:19:35.309803,Sayón,Galletas,242.1829972625056,109.42751645636498,132.7554808061406,3.744977676534329,Me encanta Blanca Flor para mis postres.,25,5
2026-01-09 11:19:35.309803,Primor,Detergentes,192.19316796182028,126.90241955563727,65.29074840618301,1.5661811038407223,El detergente no quitó las manchas.,20,2
2025-09-15 11:19:35.309803,Primor,Aceites,163.74573501037656,85.12308447748333,78.62265053289323,3.313081023262151,"Cumple su función, precio razonable.",21,5
2025-10-16 11:19:35.309803,Primor,Harinas,80.45384271875122,33.167454025803714,47.286388692947504,3.1379267306755363,El aceite Primor rinde muchísimo.,64,8
2026-02-04 11:19:35.309803,Don Vittorio,Fideos,181.77959852895762,91.09015212356859,90.68944640538903,5.983044927340414,"Pésima calidad, vino abierto el empaque.",61,1
2026-02-14 11:19:35.309803,Sayón,Aceites,196.2227226572408,124.93885537165453,71.28386728558628,13.600651065557855,El detergente no quitó las manchas.,39,2
2026-05-16 11:19:35.309803,Bolívar,Galletas,116.78151916051331,48.74313781482196,68.03838134569136,1.3136046356624989,"Muy buen producto, siempre compro de esta marca.",59,5
2026-02-18 11:19:35.309803,Don Vittorio,Chocolates,168.02224156149202,102.28551907140849,65.73672249008354,2.9030008118337163,El aceite Primor rinde muchísimo.,58,8
2025-10-19 11:19:35.309803,Casino,Fideos,211.22736624277076,118.35268326829025,92.8746829744805,1.9450894171780997,El aceite Primor rinde muchísimo.,52,8
2026-03-16 11:19:35.309803,Sayón,Galletas,220.4183002004154,99.19530957721642,121.22299062319897,2.676313545958421,El aceite Primor rinde muchísimo.,43,5
2026-02-13 11:19:35.309803,Blanca Flor,Galletas,139.3507678951418,82.38408048776432,56.966687407377464,6.3028443085807035,El aceite Primor rinde muchísimo.,53,7
2026-08-28 11:19:35.309803,Blanca Flor,Detergentes,190.84663918751053,109.05835333706385,81.78828585044668,4.472972878341952,Me encanta Blanca Flor para mis postres.,33,5
2026-01-18 11:19:35.309803,Bolívar,Aceites,126.61910968852789,66.59246174404183,60.02664794448606,9.44911771739235,"Pésima calidad, vino abierto el empaque.",59,7
2026-02-14 11:19:35.309803,Primor,Harinas,121.93953361217916,77.72734624597096,44.2121873662082,2.7236253664732923,"Cumple su función, precio razonable.",28,1
2026-07-07 11:19:35.309803,Sayón,Fideos,93.84364555309973,43.27449053844212,50.56915501465761,2.49812394893638,Muy caro para lo que ofrece.,57,2
2025-09-19 11:19:35.309803,Sayón,Galletas,148.66359735290357,70.27048711398629,78.39311023891727,7.155340010859024,Excelente sabor de las galletas.,64,1
2026-01-23 11:19:35.309803,Primor,Fideos,165.1259993581805,87.58759333765488,77.53840602052563,5.663757324888879,El aceite Primor rinde muchísimo.,20,3
2025-10-12 11:19:35.309803,Bolívar,Aceites,167.2821891042282,99.74084418713286,67.54134491709533,4.231866683352462,"Muy buen producto, siempre compro de esta marca.",33,5
2026-05-24 11:19:35.309803,Casino,Harinas,144.4845754139231,63.729688303683524,80.75488711023957,3.8100725764238508,El detergente no quitó las manchas.,43,8
2026-07-28 11:19:35.309803,Don Vittorio,Detergentes,220.78555627262193,142.68089566187055,78.10466061075138,1.1801048990440905,"Pésima calidad, vino abierto el empaque.",49,5
2026-01-31 11:19:35.309803,Casino,Harinas,92.8974248138841,54.12005625929456,38.77736855458954,3.269996768488493,"Pésima calidad, vino abierto el empaque.",51,1
2025-09-01 11:19:35.309803,Sayón,Galletas,217.86297477737452,96.08491901501472,121.7780557623598,2.501792065564657,Muy caro para lo que ofrece.,23,2
2026-05-18 11:19:35.309803,Don Vittorio,Galletas,159.00719492120453,73.01463228580101,85.99256263540352,4.826873193023522,"Muy buen producto, siempre compro de esta marca.",40,8
2026-02-26 11:19:35.309803,Casino,Chocolates,126.530273414243,81.08584456403185,45.44442885021115,6.397635872061625,El detergente no quitó las manchas.,56,2
2026-08-13 11:19:35.309803,Blanca Flor,Detergentes,187.12579275742695,85.47611028302161,101.64968247440534,6.6080652460679685,Me encanta Blanca Flor para mis postres.,20,9
2026-08-17 11:19:35.309803,Primor,Chocolates,183.96202680510467,105.64660110583087,78.3154256992738,5.16627072440422,"Muy buen producto, siempre compro de esta marca.",33,9
2026-02-02 11:19:35.309803,Casino,Harinas,175.7939254599109,106.15902783290532,69.63489762700557,3.2143155774613343,Me encanta Blanca Flor para mis postres.,52,9
2026-04-04 11:19:35.309803,Bolívar,Detergentes,92.28249123471537,38.23151627671752,54.050974957997845,4.610885777414347,"Cumple su función, precio razonable.",24,8
2025-10-13 11:19:35.309803,Primor,Aceites,105.87161653819713,72.58805482193193,33.2835617162652,6.526431729620381,"Pésima calidad, vino abierto el empaque.",50,9
2026-08-31 11:19:35.309803,Blanca Flor,Harinas,177.8669422065758,106.67509869605966,71.19184351051614,3.4726400424106743,"Cumple su función, precio razonable.",19,5
2025-10-22 11:19:35.309803,Bolívar,Fideos,114.70795766439066,68.98126841830366,45.726689246087005,8.894350583358516,Excelente sabor de las galletas.,22,7
2026-01-02 11:19:35.309803,Casino,Harinas,75.20872279718618,32.411552858770236,42.79716993841595,7.608072843157769,"Cumple su función, precio razonable.",23,4
2025-12-12 11:19:35.309803,Primor,Aceites,62.006352263873836,34.82890556376263,27.177446700111204,3.183637000153745,"Cumple su función, precio razonable.",44,3
2026-05-08 11:19:35.309803,Sayón,Fideos,160.3754733020091,111.74470152304485,48.63077177896426,7.611300892510283,Muy caro para lo que ofrece.,54,1
2026-02-07 11:19:35.309803,Don Vittorio,Detergentes,137.7236273837518,71.17039528044285,66.55323210330894,5.814963831066137,Me encanta Blanca Flor para mis postres.,36,9
2025-10-03 11:19:35.309803,Primor,Harinas,151.88073356366823,80.93277755337603,70.9479560102922,5.859235666269127,Me encanta Blanca Flor para mis postres.,55,4
2026-02-10 11:19:35.309803,Primor,Fideos,209.3465318991316,126.26718449302064,83.07934740611097,7.239580649317672,"Cumple su función, precio razonable.",64,9
2026-01-31 11:19:35.309803,Primor,Chocolates,50.69092812543079,33.97600071199796,16.714927413432825,3.6048911112956703,"Cumple su función, precio razonable.",27,5
2025-09-05 11:19:35.309803,Casino,Chocolates,130.0873917568297,86.42428187296353,43.66310988386617,1.247196511900249,"Pésima calidad, vino abierto el empaque.",22,1
2026-06-28 11:19:35.309803,Blanca Flor,Fideos,198.346639492401,138.19016667475162,60.15647281764939,5.1737097868460316,El aceite Primor rinde muchísimo.,47,5
2025-09-17 11:19:35.309803,Sayón,Detergentes,145.39033153718842,80.38557098056856,65.00476055661986,4.226037269779663,"Cumple su función, precio razonable.",49,9
2026-01-22 11:19:35.309803,Primor,Detergentes,159.32713497264874,88.46728588650872,70.85984908614002,5.354185576426213,Muy caro para lo que ofrece.,30,6
2025-11-19 11:19:35.309803,Blanca Flor,Aceites,162.92126021658618,89.0147626270487,73.90649758953748,3.957030896656651,"Pésima calidad, vino abierto el empaque.",24,8
2025-12-29 11:19:35.309803,Bolívar,Detergentes,149.41597444294723,83.3341215635698,66.08185287937744,3.406803830069729,Muy caro para lo que ofrece.,22,8
2026-03-06 11:19:35.309803,Don Vittorio,Aceites,181.38337549957973,98.07871655162113,83.3046589479586,3.5796637378310914,Me encanta Blanca Flor para mis postres.,35,3
2026-02-10 11:19:35.309803,Sayón,Galletas,201.97579645040963,129.33483369797918,72.64096275243045,4.534329553348845,El aceite Primor rinde muchísimo.,37,7
2026-08-21 11:19:35.309803,Casino,Galletas,127.79102537627334,79.44384829242368,48.34717708384966,16.04984024298034,Me encanta Blanca Flor para mis postres.,26,7
2026-06-22 11:19:35.309803,Sayón,Detergentes,133.0957816687761,65.88076506240266,67.21501660637345,4.019487401841734,El aceite Primor rinde muchísimo.,56,5
2026-02-25 11:19:35.309803,Sayón,Chocolates,147.83421569521252,80.83796623604418,66.99624945916834,3.012576707171836,El aceite Primor rinde muchísimo.,33,6
2025-11-16 11:19:35.309803,Casino,Harinas,105.22471683527071,43.30902346913936,61.91569336613135,4.720920707473581,Excelente sabor de las galletas.,21,6
2026-04-20 11:19:35.309803,Blanca Flor,Aceites,159.21431978522867,80.30215735166317,78.9121624335655,5.533846691722288,"Pésima calidad, vino abierto el empaque.",22,6
2025-11-20 11:19:35.309803,Bolívar,Aceites,131.04369994838117,77.0475018944244,53.996198053956775,8.113395284308075,Me encanta Blanca Flor para mis postres.,60,7
2026-01-17 11:19:35.309803,Sayón,Galletas,135.16371374800508,90.1704271909478,44.993286557057274,6.667155591041639,El aceite Primor rinde muchísimo.,37,6
2026-08-19 11:19:35.309803,Blanca Flor,Harinas,73.58368538923935,50.173954302119,23.40973108712035,2.514864694724199,El aceite Primor rinde muchísimo.,25,5
2026-02-18 11:19:35.309803,Bolívar,Aceites,99.05869695413945,39.63804648661102,59.42065046752843,6.173595197914131,"Pésima calidad, vino abierto el empaque.",49,6
2026-03-26 11:19:35.309803,Bolívar,Chocolates,136.99395473396862,79.57974266329941,57.41421207066921,4.1073663277552805,"Cumple su función, precio razonable.",29,1
2026-03-08 11:19:35.309803,Primor,Harinas,199.45162663838016,87.94006995656135,111.51155668181882,4.18648306733909,"Muy buen producto, siempre compro de esta marca.",40,1
2026-02-10 11:19:35.309803,Bolívar,Harinas,65.15565719681787,38.3342402404238,26.821416956394067,3.045318589437476,Me encanta Blanca Flor para mis postres.,19,8
2025-11-11 11:19:35.309803,Don Vittorio,Detergentes,159.08579762343882,76.26092735761864,82.82487026582018,3.5363470125585175,El aceite Primor rinde muchísimo.,37,3
2026-06-01 11:19:35.309803,Primor,Fideos,147.83726433538018,89.95861072821712,57.87865360716306,4.013711082552612,El detergente no quitó las manchas.,34,1
2025-10-14 11:19:35.309803,Bolívar,Aceites,116.06242595366393,77.55172180096652,38.510704152697414,2.7244288787843565,Muy caro para lo que ofrece.,38,2
2026-03-07 11:19:35.309803,Casino,Fideos,216.18124354588136,128.21025259078812,87.97099095509324,3.370437674114635,Excelente sabor de las galletas.,38,1
2026-05-21 11:19:35.309803,Bolívar,Chocolates,154.31860181039173,63.22482750122302,91.09377430916871,6.682546921458574,"Cumple su función, precio razonable.",45,6
2026-07-11 11:19:35.309803,Don Vittorio,Detergentes,180.40957094695872,114.66163613596125,65.74793481099748,9.592776920519256,Excelente sabor de las galletas.,45,4
2026-05-10 11:19:35.309803,Sayón,Chocolates,124.68523956237209,78.28902585910092,46.39621370327117,6.1181051853234125,Muy caro para lo que ofrece.,48,4
2026-07-01 11:19:35.309803,Primor,Galletas,118.04617990381134,65.70356004534146,52.342619858469874,4.862463125378973,"Muy buen producto, siempre compro de esta marca.",38,1
2025-10-23 11:19:35.309803,Primor,Aceites,133.86610134396986,80.21026417815087,53.655837165818994,9.105393370978549,El detergente no quitó las manchas.,34,7
2025-09-24 11:19:35.309803,Blanca Flor,Fideos,225.14853666805527,127.7017154486019,97.44682121945337,5.471395458055786,"Pésima calidad, vino abierto el empaque.",50,4
2026-05-16 11:19:35.309803,Bolívar,Chocolates,129.69342644910688,65.72081902017266,63.972607428934225,2.7864650237230126,"Pésima calidad, vino abierto el empaque.",61,5
2026-08-15 11:19:35.309803,Primor,Aceites,98.75692574749452,60.21155617377031,38.54536957372421,4.252776615631703,"Cumple su función, precio razonable.",63,7
2025-10-09 11:19:35.309803,Bolívar,Aceites,114.37009985904783,67.4430419474574,46.927057911590424,2.6894789351356,Muy caro para lo que ofrece.,52,4
2025-10-07 11:19:35.309803,Bolívar,Galletas,158.8928358559134,107.17735292838535,51.71548292752806,4.005167067444457,Me encanta Blanca Flor para mis postres.,32,8
2026-06-28 11:19:35.309803,Casino,Fideos,120.53857219167378,62.189402985969444,58.349169205704335,5.985339876253016,Muy caro para lo que ofrece.,22,5
2026-05-10 11:19:35.309803,Blanca Flor,Aceites,133.3303227429863,54.88414221536422,78.44618052762209,7.5391404267715325,"Pésima calidad, vino abierto el empaque.",20,3
2026-07-18 11:19:35.309803,Bolívar,Galletas,71.59237624571885,29.50438493789034,42.08799130782852,4.2892999461405745,Me encanta Blanca Flor para mis postres.,32,6
2026-01-18 11:19:35.309803,Bolívar,Galletas,138.4910888287061,82.37424923544935,56.11683959325674,5.445640199504212,Me encanta Blanca Flor para mis postres.,25,9
2026-07-17 11:19:35.309803,Bolívar,Detergentes,186.54054734818013,89.54701281543632,96.99353453274381,3.094527875437358,"Cumple su función, precio razonable.",34,5
2026-07-21 11:19:35.309803,Blanca Flor,Detergentes,132.6754447322677,90.71515513790347,41.96028959436423,3.348134429916966,Excelente sabor de las galletas.,59,8
2025-09-12 11:19:35.309803,Blanca Flor,Chocolates,150.44443312483935,76.3769466412867,74.06748648355266,2.8761171760414914,Me encanta Blanca Flor para mis postres.,24,6
2026-05-23 11:19:35.309803,Bolívar,Galletas,100.29795489168949,49.727283720241175,50.57067117144831,4.320764658578311,Me encanta Blanca Flor para mis postres.,45,5
2025-09-25 11:19:35.309803,Sayón,Galletas,160.2185297312726,66.84636588870212,93.37216384257049,6.771908870124762,"Pésima calidad, vino abierto el empaque.",61,8
2025-12-17 11:19:35.309803,Sayón,Galletas,151.4760038514509,65.6101302354897,85.8658736159612,5.084757627240376,"Muy buen producto, siempre compro de esta marca.",47,9
2026-07-25 11:19:35.309803,Bolívar,Galletas,134.77909585062335,68.12188318198676,66.65721266863659,10.141443493127035,Muy caro para lo que ofrece.,39,8
2025-09-25 11:19:35.309803,Don Vittorio,Fideos,177.75616248550224,103.27793408009084,74.4782284054114,10.381319032113787,"Cumple su función, precio razonable.",57,5
2026-05-10 11:19:35.309803,Sayón,Harinas,108.2574113965691,45.111047383410465,63.14636401315863,3.0714822271964706,El detergente no quitó las manchas.,21,9
2026-02-20 11:19:35.309803,Don Vittorio,Galletas,216.04896733496324,138.03541309108817,78.01355424387506,3.8657773950070538,"Muy buen producto, siempre compro de esta marca.",18,7
2026-05-10 11:19:35.309803,Don Vittorio,Galletas,173.06113256580016,85.40687165247552,87.65426091332465,7.968082222912541,"Pésima calidad, vino abierto el empaque.",64,3
2025-10-02 11:19:35.309803,Primor,Aceites,112.60126275237491,65.5286704447202,47.0725923076547,7.196894152805802,Excelente sabor de las galletas.,49,4
2025-09-07 11:19:35.309803,Casino,Aceites,268.29827723457464,123.18997845596515,145.10829877860948,15.107688350859446,El aceite Primor rinde muchísimo.,29,1
2026-07-07 11:19:35.309803,Sayón,Chocolates,158.7481304307935,71.42498549572956,87.32314493506395,6.386679947515624,"Pésima calidad, vino abierto el empaque.",43,3
2026-03-24 11:19:35.309803,Casino,Aceites,74.12893363527995,41.2476032351678,32.88133040011215,2.359969545860011,Muy caro para lo que ofrece.,49,7
2026-06-18 11:19:35.309803,Blanca Flor,Harinas,127.84859851842239,67.58226088339009,60.2663376350323,5.041941885038325,El detergente no quitó las manchas.,23,3
2026-01-30 11:19:35.309803,Blanca Flor,Chocolates,153.27257229379833,102.12501011831732,51.14756217548101,2.549910362844211,Me encanta Blanca Flor para mis postres.,27,9
2026-07-02 11:19:35.309803,Sayón,Galletas,199.74008228780298,80.35174614094967,119.3883361468533,10.447585032407817,"Muy buen producto, siempre compro de esta marca.",51,8
2026-03-01 11:19:35.309803,Casino,Galletas,148.69741950110074,75.66487630363025,73.03254319747049,3.7209591494134293,El aceite Primor rinde muchísimo.,62,9
2026-08-05 11:19:35.309803,Don Vittorio,Detergentes,243.43171483359558,107.5527710681134,135.87894376548218,3.1208976230164494,"Muy buen producto, siempre compro de esta marca.",40,3
2026-05-06 11:19:35.309803,Don Vittorio,Fideos,55.15327522277393,32.53126258855745,22.622012634216475,1.752294629891873,"Pésima calidad, vino abierto el empaque.",47,1
2026-06-05 11:19:35.309803,Primor,Aceites,117.47838188644246,79.21598005100964,38.262401835432826,5.406878685601774,Me encanta Blanca Flor para mis postres.,59,4
2026-06-30 11:19:35.309803,Blanca Flor,Harinas,202.64375969061513,104.43411954560274,98.20964014501239,3.4808981030183674,Excelente sabor de las galletas.,40,2
2026-07-01 11:19:35.309803,Bolívar,Aceites,230.1664668411715,112.61898544459208,117.54748139657943,1.559541370825849,Me encanta Blanca Flor para mis postres.,33,2
2026-02-04 11:19:35.309803,Casino,Fideos,249.7905907634975,154.45484907418756,95.33574168930994,4.902504754063376,Muy caro para lo que ofrece.,22,7
2025-12-23 11:19:35.309803,Sayón,Harinas,132.58424547996782,81.2006027400087,51.383642739959114,3.861709783265329,Excelente sabor de las galletas.,19,1
2026-07-26 11:19:35.309803,Casino,Harinas,238.5265485202296,114.97595060345328,123.55059791677631,3.5887419215344076,Me encanta Blanca Flor para mis postres.,40,1
2026-07-01 11:19:35.309803,Casino,Aceites,79.66603680534493,40.22003842615621,39.44599837918872,1.354416990248969,El detergente no quitó las manchas.,56,9
2026-01-27 11:19:35.309803,Blanca Flor,Galletas,175.33653038913084,118.1629271071456,57.17360328198524,4.890294616349085,Me encanta Blanca Flor para mis postres.,22,9
2025-10-31 11:19:35.309803,Sayón,Fideos,195.57695498326885,126.84293623151073,68.73401875175811,3.9718941249465476,Excelente sabor de las galletas.,58,1
2026-04-18 11:19:35.309803,Bolívar,Galletas,171.32271138569462,89.85448886513781,81.46822252055681,5.895832934971107,Me encanta Blanca Flor para mis postres.,57,6
2025-12-12 11:19:35.309803,Blanca Flor,Galletas,142.6813752378756,99.11106230166686,43.57031293620875,4.772014864998625,"Pésima calidad, vino abierto el empaque.",46,9
2025-11-06 11:19:35.309803,Blanca Flor,Harinas,51.28828083100608,23.217449875886295,28.07083095511978,6.602708095962378,Me encanta Blanca Flor para mis postres.,53,1
2025-12-25 11:19:35.309803,Casino,Fideos,153.64843506132436,95.31104995628671,58.337385105037654,3.398009501845843,El aceite Primor rinde muchísimo.,30,7
2026-07-02 11:19:35.309803,Don Vittorio,Aceites,110.33279700488268,75.57134639777914,34.76145060710354,2.7788437523885485,Excelente sabor de las galletas.,52,3
2025-12-16 11:19:35.309803,Casino,Fideos,92.15938466033569,64.18823971712106,27.971144943214625,4.0043882975304985,El detergente no quitó las manchas.,33,5
2026-06-04 11:19:35.309803,Casino,Fideos,104.11211044391058,65.751368035108,38.36074240880258,4.516547900815177,El aceite Primor rinde muchísimo.,52,9
2025-12-05 11:19:35.309803,Casino,Detergentes,51.51942156717071,31.172322657012998,20.34709891015771,2.835178743630563,"Muy buen producto, siempre compro de esta marca.",40,1
2026-07-12 11:19:35.309803,Blanca Flor,Chocolates,123.97136171341003,84.93365226798552,39.03770944542451,4.640075992340731,"Pésima calidad, vino abierto el empaque.",61,4
2026-05-07 11:19:35.309803,Primor,Harinas,53.672528483185914,34.90695927183507,18.765569211350844,6.674333957946451,"Pésima calidad, vino abierto el empaque.",49,5
2026-08-19 11:19:35.309803,Blanca Flor,Harinas,63.827674113656585,31.96897585302039,31.858698260636196,9.608530022185839,Excelente sabor de las galletas.,20,3
2026-06-16 11:19:35.309803,Bolívar,Fideos,96.63700722601668,45.28645376899881,51.35055345701787,3.774002150879609,Muy caro para lo que ofrece.,30,2
2026-05-01 11:19:35.309803,Blanca Flor,Chocolates,109.03004530499264,59.243689279196154,49.786356025796486,9.30921112460276,Excelente sabor de las galletas.,32,4
2026-08-26 11:19:35.309803,Sayón,Fideos,128.14265399002448,70.59274531235243,57.54990867767205,5.734687390241573,Excelente sabor de las galletas.,58,6
2026-03-23 11:19:35.309803,Don Vittorio,Harinas,202.0336138906727,108.48985143537688,93.54376245529583,4.542846651417342,"Muy buen producto, siempre compro de esta marca.",63,3
2026-08-28 11:19:35.309803,Primor,Aceites,179.90707338149974,76.55222274109856,103.35485064040118,2.2025175974266795,El aceite Primor rinde muchísimo.,36,8
2026-01-26 11:19:35.309803,Blanca Flor,Galletas,172.31533783282867,77.31194078566773,95.00339704716095,4.413027194930038,"Muy buen producto, siempre compro de esta marca.",59,5
2026-08-21 11:19:35.309803,Primor,Harinas,93.69713624312104,46.22690680589943,47.470229437221604,4.706376782300401,"Pésima calidad, vino abierto el empaque.",41,7
2025-11-22 11:19:35.309803,Bolívar,Fideos,87.04590500545063,53.484088048486576,33.56181695696406,2.9716901844990735,El detergente no quitó las manchas.,64,7
2025-12-10 11:19:35.309803,Primor,Aceites,202.8686618182128,123.8875752273561,78.98108659085669,7.1372923383070805,Me encanta Blanca Flor para mis postres.,34,4
2026-08-04 11:19:35.309803,Don Vittorio,Galletas,198.6124337158032,123.164303120245,75.44813059555821,1.7261481941001162,Excelente sabor de las galletas.,30,8
2026-01-13 11:19:35.309803,Bolívar,Fideos,120.80953489651141,58.38090230784758,62.42863258866383,10.134791841068477,Muy caro para lo que ofrece.,30,2
2025-10-16 11:19:35.309803,Don Vittorio,Fideos,125.62373507345667,83.18298894062798,42.44074613282869,6.0626693924229516,El aceite Primor rinde muchísimo.,30,9
2025-09-27 11:19:35.309803,Primor,Harinas,176.44808671990828,111.97697814122222,64.47110857868606,4.980843282628174,"Muy buen producto, siempre compro de esta marca.",41,6
2026-05-20 11:19:35.309803,Sayón,Chocolates,101.7469702414233,62.44065923715444,39.306311004268856,4.567859428093666,Me encanta Blanca Flor para mis postres.,58,5
2025-10-02 11:19:35.309803,Don Vittorio,Galletas,137.9853851532187,91.93555915987476,46.04982599334393,3.202134418474202,El aceite Primor rinde muchísimo.,22,3
2025-10-04 11:19:35.309803,Casino,Aceites,96.95211295578594,61.30118800932447,35.650924946461465,4.480569520948255,Me encanta Blanca Flor para mis postres.,34,6
2025-09-24 11:19:35.309803,Bolívar,Aceites,116.36091318024029,60.01452444173277,56.34638873850752,3.5581118745783447,"Cumple su función, precio razonable.",36,6
2025-12-24 11:19:35.309803,Primor,Galletas,192.08242989580467,133.8851690064322,58.19726088937247,3.5364676859092974,Excelente sabor de las galletas.,57,9
2026-04-09 11:19:35.309803,Primor,Fideos,104.97416240823364,53.074574301150015,51.89958810708362,3.78373913949904,Me encanta Blanca Flor para mis postres.,27,4
2025-09-16 11:19:35.309803,Blanca Flor,Harinas,179.3222555165136,111.72623030834636,67.59602520816723,6.2822327103872055,Excelente sabor de las galletas.,46,1
2026-08-07 11:19:35.309803,Sayón,Detergentes,167.48625309839053,71.47072711213566,96.01552598625487,8.094726720137206,"Pésima calidad, vino abierto el empaque.",52,8
2026-06-16 11:19:35.309803,Blanca Flor,Galletas,149.74843680261682,86.38149748583433,63.36693931678249,10.168663834292257,"Muy buen producto, siempre compro de esta marca.",25,5
2025-12-05 11:19:35.309803,Don Vittorio,Detergentes,224.1363827852598,136.25091483630462,87.88546794895518,6.265780400552315,"Pésima calidad, vino abierto el empaque.",29,7
2025-11-20 11:19:35.309803,Blanca Flor,Detergentes,140.37514431846998,78.61705624557521,61.758088072894765,6.246378291768526,El detergente no quitó las manchas.,60,5
2025-12-16 11:19:35.309803,Blanca Flor,Chocolates,112.17503551563374,48.090850161573634,64.08418535406011,7.138629293585287,"Muy buen producto, siempre compro de esta marca.",60,4
2026-02-18 11:19:35.309803,Blanca Flor,Chocolates,220.26583425061682,128.31701087887953,91.94882337173729,5.001595471197388,Muy caro para lo que ofrece.,30,5
2026-04-29 11:19:35.309803,Casino,Chocolates,251.66382796650907,154.03549250704543,97.62833545946364,10.718385231531963,"Pésima calidad, vino abierto el empaque.",37,4
2026-06-16 11:19:35.309803,Bolívar,Chocolates,194.8672825606227,135.80852196942507,59.058760591197625,2.5616011850605824,"Cumple su función, precio razonable.",27,1
2026-01-29 11:19:35.309803,Sayón,Fideos,161.02134215145554,104.3593658808277,56.66197627062785,5.144411417049627,"Cumple su función, precio razonable.",21,3
2026-02-27 11:19:35.309803,Primor,Chocolates,133.82560530281938,83.97924237786471,49.846362924954676,3.391710057062943,"Pésima calidad, vino abierto el empaque.",23,5
2026-08-07 11:19:35.309803,Casino,Harinas,200.38813279478484,97.32203816478301,103.06609463000183,7.0464126164802,"Muy buen producto, siempre compro de esta marca.",53,7
2026-07-05 11:19:35.309803,Casino,Harinas,177.6663628549208,77.33661768022492,100.32974517469589,6.4642439923066535,"Muy buen producto, siempre compro de esta marca.",35,9
2025-12-25 11:19:35.309803,Bolívar,Aceites,181.31662434988746,76.51654994100427,104.80007440888319,4.561999937759121,El detergente no quitó las manchas.,43,5
2026-05-01 11:19:35.309803,Primor,Detergentes,173.42683797081415,111.11359212255334,62.313245848260806,8.646134928933405,"Muy buen producto, siempre compro de esta marca.",31,1
2025-10-30 11:19:35.309803,Bolívar,Galletas,81.56408705217424,41.76450511762361,39.79958193455064,3.6914578485318716,El aceite Primor rinde muchísimo.,27,9
2026-08-02 11:19:35.309803,Primor,Aceites,135.1816974856716,62.096617461106916,73.08508002456469,5.3575733387361835,Excelente sabor de las galletas.,52,4
2025-11-27 11:19:35.309803,Casino,Harinas,117.23054836145175,71.97316111742188,45.25738724402987,2.92482248114164,"Pésima calidad, vino abierto el empaque.",56,7
2026-02-15 11:19:35.309803,Don Vittorio,Aceites,230.00910039327846,135.8067391230835,94.20236127019496,3.11571551412868,"Pésima calidad, vino abierto el empaque.",62,8
2026-07-18 11:19:35.309803,Sayón,Aceites,171.87459225156852,96.52072582337973,75.35386642818878,2.0140127509546035,"Pésima calidad, vino abierto el empaque.",54,6
2026-05-05 11:19:35.309803,Sayón,Detergentes,114.83234188121799,53.936888211498385,60.8954536697196,8.157198589052484,Muy caro para lo que ofrece.,26,6
2025-09-25 11:19:35.309803,Casino,Harinas,212.81895693451676,97.60318936005986,115.2157675744569,1.423416505992814,"Pésima calidad, vino abierto el empaque.",23,3
2026-01-06 11:19:35.309803,Primor,Galletas,143.05492397026552,78.2367263756616,64.81819759460392,4.399195639497794,El aceite Primor rinde muchísimo.,29,1
2025-12-17 11:19:35.309803,Bolívar,Harinas,97.79735494099603,52.08680131781709,45.71055362317894,5.36142925205938,El detergente no quitó las manchas.,57,3
2025-10-17 11:19:35.309803,Blanca Flor,Fideos,96.56686678712248,55.39549517956718,41.1713716075553,4.321159300622879,Me encanta Blanca Flor para mis postres.,50,4
2025-11-26 11:19:35.309803,Sayón,Galletas,252.52832048025618,129.40109993721637,123.12722054303981,8.470594913150382,Me encanta Blanca Flor para mis postres.,25,6
2026-08-28 11:19:35.309803,Bolívar,Harinas,246.0235888460619,108.36203380554522,137.66155504051667,2.718285747361523,El detergente no quitó las manchas.,58,1
2025-09-12 11:19:35.309803,Sayón,Aceites,173.0339813715172,74.1970463057732,98.836935065744,3.203608468226591,El detergente no quitó las manchas.,47,7
2026-02-08 11:19:35.309803,Casino,Galletas,62.428927580186425,38.238863559526756,24.19006402065967,4.713640842654032,Me encanta Blanca Flor para mis postres.,40,3
2026-08-14 11:19:35.309803,Bolívar,Fideos,169.96176310473248,111.15957170353926,58.80219140119323,12.936698614640411,Muy caro para lo que ofrece.,53,5
2025-09-04 11:19:35.309803,Bolívar,Harinas,190.1663048660411,91.85152233759867,98.31478252844242,3.367841222469819,"Cumple su función, precio razonable.",45,4
2025-11-17 11:19:35.309803,Don Vittorio,Galletas,186.46304935960924,77.3705491064616,109.09250025314765,2.681900747261114,"Cumple su función, precio razonable.",42,3
2025-11-29 11:19:35.309803,Primor,Detergentes,197.054349912342,91.29681768872469,105.7575322236173,4.60420401221584,"Pésima calidad, vino abierto el empaque.",52,3
2025-11-26 11:19:35.309803,Bolívar,Aceites,174.01933627920295,98.22611211971268,75.79322415949026,3.5890013642063736,Me encanta Blanca Flor para mis postres.,25,4
2025-09-28 11:19:35.309803,Casino,Aceites,211.50489283737312,138.03698779996606,73.46790503740706,1.60367397292003,Excelente sabor de las galletas.,21,5
2025-10-27 11:19:35.309803,Primor,Harinas,168.57189178791407,113.87039275194472,54.70149903596935,6.039451811377595,"Muy buen producto, siempre compro de esta marca.",37,9
2026-06-03 11:19:35.309803,Don Vittorio,Harinas,108.04074774491595,53.59109289276287,54.449654852153074,7.894897949259408,Muy caro para lo que ofrece.,33,1
2025-12-21 11:19:35.309803,Don Vittorio,Detergentes,168.20308957166228,110.2357959160682,57.96729365559408,4.8959164916486175,Excelente sabor de las galletas.,42,7
2025-09-28 11:19:35.309803,Bolívar,Detergentes,192.34207712076665,98.29529907989343,94.04677804087322,3.847674413614916,El detergente no quitó las manchas.,46,8
2026-02-24 11:19:35.309803,Sayón,Harinas,53.39469630091277,31.178317526292552,22.216378774620217,2.5080998356052993,Muy caro para lo que ofrece.,40,9
2026-02-09 11:19:35.309803,Bolívar,Aceites,202.11329918780086,133.03343155787687,69.079867629924,4.133293936587863,"Pésima calidad, vino abierto el empaque.",36,9
2026-02-13 11:19:35.309803,Blanca Flor,Harinas,142.57026534755408,80.76665478911143,61.80361055844266,3.8662910834739064,"Muy buen producto, siempre compro de esta marca.",32,4
2026-01-21 11:19:35.309803,Casino,Aceites,121.30923874731164,77.48822049150036,43.82101825581128,3.19351601735232,"Muy buen producto, siempre compro de esta marca.",39,2
2025-11-22 11:19:35.309803,Primor,Chocolates,212.1938040949371,139.89525719158573,72.29854690335137,3.4498663592840613,Excelente sabor de las galletas.,42,6
2025-10-30 11:19:35.309803,Blanca Flor,Detergentes,155.19365405724022,63.30095948860802,91.89269456863221,4.8675868928577986,"Pésima calidad, vino abierto el empaque.",28,2
2025-10-07 11:19:35.309803,Don Vittorio,Aceites,151.55281135379226,65.13929445675377,86.41351689703849,2.5740353928333874,El aceite Primor rinde muchísimo.,53,1
2026-04-10 11:19:35.309803,Don Vittorio,Galletas,289.35520199091195,159.29619713874357,130.05900485216839,4.814442000909346,"Pésima calidad, vino abierto el empaque.",26,7
2026-09-01 11:19:35.309803,Bolívar,Galletas,87.75309969722073,43.05543794871818,44.697661748502554,6.012777571206523,El aceite Primor rinde muchísimo.,46,6
2026-04-08 11:19:35.309803,Blanca Flor,Detergentes,159.603514349869,104.60143130599218,55.00208304387681,17.03828411400085,Me encanta Blanca Flor para mis postres.,45,9
2026-01-29 11:19:35.309803,Primor,Harinas,204.00845924597348,100.70533861937648,103.303120626597,2.972792658851538,Excelente sabor de las galletas.,30,2
2026-06-29 11:19:35.309803,Blanca Flor,Galletas,165.86489160336336,96.07101777895423,69.79387382440913,6.267957643829445,El detergente no quitó las manchas.,26,7
2026-04-06 11:19:35.309803,Bolívar,Fideos,216.4187414056848,97.75395137102687,118.66479003465794,6.83035034095292,"Pésima calidad, vino abierto el empaque.",42,6
2026-04-30 11:19:35.309803,Blanca Flor,Fideos,98.16119599237825,63.93219860053879,34.228997391839464,4.609023492292938,"Muy buen producto, siempre compro de esta marca.",18,5
2025-12-16 11:19:35.309803,Sayón,Chocolates,260.61718649404077,139.50753711310423,121.10964938093653,3.739914199235647,El detergente no quitó las manchas.,36,3
2025-11-25 11:19:35.309803,Sayón,Detergentes,96.49746579037671,66.56701404793368,29.930451742443026,7.6158856057205,"Pésima calidad, vino abierto el empaque.",29,9
2026-03-27 11:19:35.309803,Sayón,Fideos,129.55277231241257,82.9542517411415,46.59852057127107,4.993810176944199,El detergente no quitó las manchas.,45,2
2025-10-04 11:19:35.309803,Sayón,Chocolates,168.47418835847594,70.29666589086743,98.17752246760851,11.749018318807067,"Muy buen producto, siempre compro de esta marca.",51,4
2026-08-01 11:19:35.309803,Sayón,Detergentes,137.57187694510898,72.8438593092573,64.72801763585169,10.285351749509328,Me encanta Blanca Flor para mis postres.,37,5
2025-12-19 11:19:35.309803,Don Vittorio,Detergentes,100.41851722442325,41.702541618137246,58.71597560628601,4.257986777584327,"Muy buen producto, siempre compro de esta marca.",54,7
2025-12-16 11:19:35.309803,Bolívar,Harinas,116.5500193827225,51.270684787628376,65.27933459509413,1.47261457301559,Me encanta Blanca Flor para mis postres.,35,9
2026-05-11 11:19:35.309803,Don Vittorio,Harinas,138.73849677696043,71.98510780568877,66.75338897127166,4.2878199234876355,El aceite Primor rinde muchísimo.,24,9
2026-02-14 11:19:35.309803,Don Vittorio,Detergentes,165.61462184637276,93.4257634868776,72.18885835949516,6.314966259519851,Me encanta Blanca Flor para mis postres.,39,4
2025-10-29 11:19:35.309803,Sayón,Chocolates,92.23580770213135,60.760936427248694,31.47487127488266,5.1262581550127955,"Pésima calidad, vino abierto el empaque.",61,2
2025-09-17 11:19:35.309803,Don Vittorio,Harinas,261.32699587219975,157.61208421657795,103.71491165562179,4.734703119102136,"Pésima calidad, vino abierto el empaque.",57,1
2025-10-11 11:19:35.309803,Primor,Harinas,197.21322736718594,96.35832308481307,100.85490428237287,3.38441854076261,Muy caro para lo que ofrece.,23,7
2026-07-01 11:19:35.309803,Primor,Fideos,171.23162558030194,97.92279092508737,73.30883465521457,5.651511412247749,Muy caro para lo que ofrece.,23,9
2026-08-29 11:19:35.309803,Don Vittorio,Fideos,164.39043933536595,115.05193895714847,49.33850037821749,9.832778199654507,Muy caro para lo que ofrece.,40,4
2026-04-20 11:19:35.309803,Don Vittorio,Detergentes,156.6227679653105,81.4498937258849,75.17287423942558,2.705705694261407,El aceite Primor rinde muchísimo.,22,9
2026-02-08 11:19:35.309803,Blanca Flor,Galletas,142.21993483544716,79.56724737666956,62.652687458777606,3.169894404049659,"Cumple su función, precio razonable.",62,5
2025-09-29 11:19:35.309803,Casino,Harinas,64.26241568624292,40.49817065756777,23.76424502867515,4.032581411030224,Muy caro para lo que ofrece.,64,8
2025-10-15 11:19:35.309803,Bolívar,Galletas,87.82151337706702,53.80834456655559,34.01316881051143,3.690848363266779,El detergente no quitó las manchas.,34,7
2025-09-21 11:19:35.309803,Don Vittorio,Aceites,127.20127121369694,68.27086558863354,58.9304056250634,5.986048755208536,Muy caro para lo que ofrece.,52,1
2026-07-25 11:19:35.309803,Casino,Aceites,65.45576370633988,32.990834709393454,32.464928996946426,6.66904907229928,Muy caro para lo que ofrece.,48,5
2025-11-20 11:19:35.309803,Blanca Flor,Galletas,184.41441425777992,94.46607868763995,89.94833557013997,2.8633589795875896,Muy caro para lo que ofrece.,19,4
2026-05-11 11:19:35.309803,Casino,Chocolates,213.77233523344367,114.44072499115178,99.33161024229189,3.714015431462148,Excelente sabor de las galletas.,36,5
2026-07-16 11:19:35.309803,Blanca Flor,Galletas,228.08747770961673,93.47272245752505,134.6147552520917,7.892188942562799,"Muy buen producto, siempre compro de esta marca.",37,9
2026-04-24 11:19:35.309803,Blanca Flor,Fideos,119.55493374870089,79.3541687153306,40.20076503337029,4.79266474873855,"Pésima calidad, vino abierto el empaque.",28,9
2026-04-14 11:19:35.309803,Don Vittorio,Aceites,190.213285765543,81.43557607708657,108.77770968845643,4.897984999346183,Muy caro para lo que ofrece.,42,7
2025-11-05 11:19:35.309803,Blanca Flor,Galletas,140.22856600766602,70.51351565489318,69.71505035277283,2.725198626544921,"Cumple su función, precio razonable.",30,2
2026-06-07 11:19:35.309803,Blanca Flor,Detergentes,149.0725468234649,102.74666823204778,46.32587859141712,5.971881386068176,Excelente sabor de las galletas.,54,9
2026-04-08 11:19:35.309803,Casino,Detergentes,80.05024994764105,35.96120897614042,44.08904097150063,3.240398231197506,El aceite Primor rinde muchísimo.,57,6
2026-08-29 11:19:35.309803,Bolívar,Fideos,72.01660739743087,31.999232402653675,40.0173749947772,15.329654370464253,Excelente sabor de las galletas.,30,1
2025-09-09 11:19:35.309803,Don Vittorio,Chocolates,184.94726712604205,126.48730717267755,58.4599599533645,8.578300575747598,Me encanta Blanca Flor para mis postres.,57,2
2026-03-22 11:19:35.309803,Blanca Flor,Galletas,86.33357467737423,46.004041667174164,40.329533010200066,8.067333528200544,"Cumple su función, precio razonable.",30,9
2026-04-15 11:19:35.309803,Blanca Flor,Detergentes,104.25720993037439,48.23163817644874,56.02557175392565,12.272379476499461,"Pésima calidad, vino abierto el empaque.",33,1
2026-04-13 11:19:35.309803,Don Vittorio,Detergentes,194.59801476131338,114.49453496766783,80.10347979364555,4.208778784433494,Excelente sabor de las galletas.,23,3
2026-04-10 11:19:35.309803,Primor,Harinas,174.01654691521634,99.4056111613337,74.61093575388264,8.186870317427756,Me encanta Blanca Flor para mis postres.,36,4
2026-03-24 11:19:35.309803,Casino,Fideos,164.19633624649117,82.76238174940117,81.43395449709,4.669156576601873,"Cumple su función, precio razonable.",53,9
2026-05-13 11:19:35.309803,Don Vittorio,Detergentes,82.44914402890642,38.46581175517395,43.983332273732465,7.922337493339391,El aceite Primor rinde muchísimo.,32,2
2026-06-20 11:19:35.309803,Bolívar,Chocolates,132.02771146362767,79.23790755653921,52.789803907088455,8.01719166431712,Me encanta Blanca Flor para mis postres.,36,6
2025-11-19 11:19:35.309803,Bolívar,Detergentes,132.3979717059384,57.924992363110526,74.47297934282787,3.5565842823409866,Excelente sabor de las galletas.,44,9
2025-10-01 11:19:35.309803,Don Vittorio,Aceites,254.5739417862244,148.17112649687914,106.40281528934526,3.890289482940019,"Muy buen producto, siempre compro de esta marca.",48,1
2026-06-26 11:19:35.309803,Primor,Fideos,234.17051804671593,157.9550711482422,76.21544689847372,3.357932727150711,Muy caro para lo que ofrece.,33,2
2026-06-24 11:19:35.309803,Primor,Galletas,152.94618896412305,62.13152685030699,90.81466211381607,3.024410625844904,Excelente sabor de las galletas.,46,6
2025-10-10 11:19:35.309803,Casino,Detergentes,174.46152257174467,110.55952479787541,63.901997773869255,4.763113910286622,"Pésima calidad, vino abierto el empaque.",41,3
2026-04-25 11:19:35.309803,Casino,Fideos,100.07556175640465,54.57364192886867,45.501919827535986,4.397588900031059,Muy caro para lo que ofrece.,61,6
2026-01-10 11:19:35.309803,Casino,Fideos,188.85256844232015,115.73966977752093,73.11289866479922,3.3452027051076505,"Pésima calidad, vino abierto el empaque.",30,4
2025-10-05 11:19:35.309803,Casino,Fideos,195.79448243531056,131.14059364049385,64.65388879481671,2.4919679530117946,Me encanta Blanca Flor para mis postres.,28,9
2026-05-16 11:19:35.309803,Blanca Flor,Harinas,181.06044603336088,126.46761648650347,54.5928295468574,4.2225611538089085,"Pésima calidad, vino abierto el empaque.",36,2
2026-05-29 11:19:35.309803,Bolívar,Galletas,151.73012060345474,104.49894359181667,47.23117701163807,9.763234181213495,Me encanta Blanca Flor para mis postres.,35,9
2025-12-18 11:19:35.309803,Primor,Aceites,161.59689975575407,74.16567063425103,87.43122912150304,2.563073913881807,Excelente sabor de las galletas.,23,9
2026-07-20 11:19:35.309803,Primor,Galletas,147.72388925077078,75.64918606866347,72.07470318210731,4.517417831414575,Excelente sabor de las galletas.,31,3
2026-03-27 11:19:35.309803,Don Vittorio,Harinas,142.26059472210974,92.41431754278558,49.84627717932416,6.7266954825068,Muy caro para lo que ofrece.,22,6
2025-12-13 11:19:35.309803,Bolívar,Harinas,194.11119340407504,109.25538870217443,84.85580470190061,3.4122549502685233,El detergente no quitó las manchas.,50,4
